run_id,simulated_clock,sequence,phase,role,client,entry_mode,workflow,entity_refs,asset_refs,financial_refs,exact_actions,expected_result,evidence_required,negative_or_retry_check,completion_gate
RUN-20270101-01,2027-01-01,1,Monthly operations,Workspace Administrator,Web + Mobile,System automation + reconciliation,January recurring rent generation,35 active tenant accounts,,FIN-00002; FIN-00004; FIN-00006; FIN-00008; FIN-00010; FIN-00012; FIN-00014; FIN-00016; FIN-00018; FIN-00020; FIN-00022; FIN-00026; FIN-00028; FIN-00031; FIN-00033; FIN-00035; FIN-00037; FIN-00039; FIN-00041; FIN-00043; FIN-00045; FIN-00047; FIN-00051; FIN-00053; FIN-00055; FIN-00057; FIN-00060; FIN-00062; FIN-00064; FIN-00066; FIN-00070; FIN-00072; FIN-00076; FIN-00078; FIN-00080,"Advance the simulation clock to 08:00 local; run or wait for scheduled finance worker; compare generated charges to active governing agreements, start dates, proration, and unique billing-period keys.",Exactly 35 rent charges are posted once; mid-month starts prorate; ended leases do not receive future charges.,Worker status; charge list; month rent-roll export; sampled Unit/Lease/portal balances; SQL query evidence.,Run the finance worker a second time and prove no duplicate charge; inject one failure and prove charge/audit/outbox atomic rollback.,All expected records and amounts match; no unexplained error or stale state.
RUN-20270102-01,2027-01-02,1,Opening setup,Workspace Administrator,Web,Scan-first,Opening lease intake batch 1,L001-L012,SCN-0001; SCN-0002; SCN-0003; SCN-0004; SCN-0005; SCN-0006; SCN-0007; SCN-0008; SCN-0009; SCN-0010; SCN-0011; SCN-0012,,"Set the simulation clock; upload each lease; wait for extraction; review every required field; correct only deliberately degraded fields; confirm sequentially; follow created Property, Unit, Tenant, Lease, Agreement, and Tenant Account links.",Exactly 12 distinct LeaseManagement relationships are created. Shared property/unit identities dedupe correctly. No record is created before confirmation.,Batch counts; each draft status; field-confidence evidence; created links; DB-side list counts; audit/outbox evidence.,"Re-upload one file, reject one intentionally, then retry it; prove no duplicate lease or half-created aggregate.",All expected records and amounts match; no unexplained error or stale state.
RUN-20270102-02,2027-01-02,2,Leasing,Leasing Agent,Web,Scan-first,Application intake and pipeline,P029; U037; L043; T043,SCN-0924,,"Upload/capture the application; review extracted applicant and unit context; confirm; inspect pipeline; request screening in synthetic/test-only mode; record a fair, documented decision.","Application, applicant tenant prospect, unit link, status history, screening placeholder, and communication are created once without exposing sensitive values.",Scan draft; Application detail; pipeline; status audit; applicant communication; role/access proof.,Upload a duplicate application and a wrong-unit application; no duplicate person or cross-property link.,All expected records and amounts match; no unexplained error or stale state.
RUN-20270103-01,2027-01-03,1,Opening setup,Workspace Administrator,Mobile,Scan-first,Opening lease intake batch 2,L013-L024,SCN-0013; SCN-0014; SCN-0015; SCN-0016; SCN-0017; SCN-0018; SCN-0019; SCN-0020; SCN-0021; SCN-0022; SCN-0023; SCN-0024,,"Set the simulation clock; upload each lease; wait for extraction; review every required field; correct only deliberately degraded fields; confirm sequentially; follow created Property, Unit, Tenant, Lease, Agreement, and Tenant Account links.",Exactly 12 distinct LeaseManagement relationships are created. Shared property/unit identities dedupe correctly. No record is created before confirmation.,Batch counts; each draft status; field-confidence evidence; created links; DB-side list counts; audit/outbox evidence.,"Re-upload one file, reject one intentionally, then retry it; prove no duplicate lease or half-created aggregate.",All expected records and amounts match; no unexplained error or stale state.
RUN-20270103-02,2027-01-03,2,Monthly operations,Property Manager,Mobile,Portal card,Post and allocate tenant receipt,P003; U003; L003,,FIN-00006; FIN-00007,"Open Scan for paper payment or the tenant-account receipt form for electronic payment; verify tenant/lease match, amount, date, method, and reference; confirm once; open ledger detail and allocation.","Receipt is append-only, allocated once to the correct rent charge, and visible consistently in Unit, Lease, Tenant Account, Accounting, and portal views.",Scan review or form; success result; exact ledger rows; payment detail; accounting delta; portal receipt.,Retry the idempotency key once during the quarter assigned in the coverage matrix; no duplicate cash or allocation.,All expected records and amounts match; no unexplained error or stale state.
RUN-20270103-03,2027-01-03,3,Monthly operations,Property Manager,Web,Manual ACH,Post and allocate tenant receipt,P006; U006; L006,,FIN-00012; FIN-00013,"Open Scan for paper payment or the tenant-account receipt form for electronic payment; verify tenant/lease match, amount, date, method, and reference; confirm once; open ledger detail and allocation.","Receipt is append-only, allocated once to the correct rent charge, and visible consistently in Unit, Lease, Tenant Account, Accounting, and portal views.",Scan review or form; success result; exact ledger rows; payment detail; accounting delta; portal receipt.,Retry the idempotency key once during the quarter assigned in the coverage matrix; no duplicate cash or allocation.,All expected records and amounts match; no unexplained error or stale state.
RUN-20270103-04,2027-01-03,4,Monthly operations,Property Manager,Mobile,Scanned money order,Post and allocate tenant receipt,P009; U009; L009,SCN-0091,FIN-00018; FIN-00019,"Open Scan for paper payment or the tenant-account receipt form for electronic payment; verify tenant/lease match, amount, date, method, and reference; confirm once; open ledger detail and allocation.","Receipt is append-only, allocated once to the correct rent charge, and visible consistently in Unit, Lease, Tenant Account, Accounting, and portal views.",Scan review or form; success result; exact ledger rows; payment detail; accounting delta; portal receipt.,Retry the idempotency key once during the quarter assigned in the coverage matrix; no duplicate cash or allocation.,All expected records and amounts match; no unexplained error or stale state.
RUN-20270103-05,2027-01-03,5,Monthly operations,Property Manager,Mobile,Portal card,Post and allocate tenant receipt,P011; U011; L011,,FIN-00022; FIN-00023,"Open Scan for paper payment or the tenant-account receipt form for electronic payment; verify tenant/lease match, amount, date, method, and reference; confirm once; open ledger detail and allocation.","Receipt is append-only, allocated once to the correct rent charge, and visible consistently in Unit, Lease, Tenant Account, Accounting, and portal views.",Scan review or form; success result; exact ledger rows; payment detail; accounting delta; portal receipt.,Retry the idempotency key once during the quarter assigned in the coverage matrix; no duplicate cash or allocation.,All expected records and amounts match; no unexplained error or stale state.
RUN-20270103-06,2027-01-03,6,Monthly operations,Property Manager,Web,Scanned check,Post and allocate tenant receipt,P012; U012; L012,SCN-0093,FIN-00026; FIN-00027,"Open Scan for paper payment or the tenant-account receipt form for electronic payment; verify tenant/lease match, amount, date, method, and reference; confirm once; open ledger detail and allocation.","Receipt is append-only, allocated once to the correct rent charge, and visible consistently in Unit, Lease, Tenant Account, Accounting, and portal views.",Scan review or form; success result; exact ledger rows; payment detail; accounting delta; portal receipt.,Retry the idempotency key once during the quarter assigned in the coverage matrix; no duplicate cash or allocation.,All expected records and amounts match; no unexplained error or stale state.
RUN-20270103-07,2027-01-03,7,Monthly operations,Property Manager,Mobile,Portal card,Post and allocate tenant receipt,P015; U015; L015,,FIN-00033; FIN-00034,"Open Scan for paper payment or the tenant-account receipt form for electronic payment; verify tenant/lease match, amount, date, method, and reference; confirm once; open ledger detail and allocation.","Receipt is append-only, allocated once to the correct rent charge, and visible consistently in Unit, Lease, Tenant Account, Accounting, and portal views.",Scan review or form; success result; exact ledger rows; payment detail; accounting delta; portal receipt.,Retry the idempotency key once during the quarter assigned in the coverage matrix; no duplicate cash or allocation.,All expected records and amounts match; no unexplained error or stale state.
RUN-20270103-08,2027-01-03,8,Monthly operations,Property Manager,Web,Manual ACH,Post and allocate tenant receipt,P018; U018; L018,,FIN-00039; FIN-00040,"Open Scan for paper payment or the tenant-account receipt form for electronic payment; verify tenant/lease match, amount, date, method, and reference; confirm once; open ledger detail and allocation.","Receipt is append-only, allocated once to the correct rent charge, and visible consistently in Unit, Lease, Tenant Account, Accounting, and portal views.",Scan review or form; success result; exact ledger rows; payment detail; accounting delta; portal receipt.,Retry the idempotency key once during the quarter assigned in the coverage matrix; no duplicate cash or allocation.,All expected records and amounts match; no unexplained error or stale state.
RUN-20270103-09,2027-01-03,9,Monthly operations,Property Manager,Mobile,Scanned money order,Post and allocate tenant receipt,P021; U021; L021,SCN-0098,FIN-00045; FIN-00046,"Open Scan for paper payment or the tenant-account receipt form for electronic payment; verify tenant/lease match, amount, date, method, and reference; confirm once; open ledger detail and allocation.","Receipt is append-only, allocated once to the correct rent charge, and visible consistently in Unit, Lease, Tenant Account, Accounting, and portal views.",Scan review or form; success result; exact ledger rows; payment detail; accounting delta; portal receipt.,Retry the idempotency key once during the quarter assigned in the coverage matrix; no duplicate cash or allocation.,All expected records and amounts match; no unexplained error or stale state.
RUN-20270103-10,2027-01-03,10,Monthly operations,Property Manager,Web,Manual ACH,Post and allocate tenant receipt,P021; U022; L022,,FIN-00047; FIN-00048,"Open Scan for paper payment or the tenant-account receipt form for electronic payment; verify tenant/lease match, amount, date, method, and reference; confirm once; open ledger detail and allocation.","Receipt is append-only, allocated once to the correct rent charge, and visible consistently in Unit, Lease, Tenant Account, Accounting, and portal views.",Scan review or form; success result; exact ledger rows; payment detail; accounting delta; portal receipt.,Retry the idempotency key once during the quarter assigned in the coverage matrix; no duplicate cash or allocation.,All expected records and amounts match; no unexplained error or stale state.
RUN-20270103-11,2027-01-03,11,Monthly operations,Property Manager,Web,Scanned check,Post and allocate tenant receipt,P022; U024; L024,SCN-0100,FIN-00053; FIN-00054,"Open Scan for paper payment or the tenant-account receipt form for electronic payment; verify tenant/lease match, amount, date, method, and reference; confirm once; open ledger detail and allocation.","Receipt is append-only, allocated once to the correct rent charge, and visible consistently in Unit, Lease, Tenant Account, Accounting, and portal views.",Scan review or form; success result; exact ledger rows; payment detail; accounting delta; portal receipt.,Retry the idempotency key once during the quarter assigned in the coverage matrix; no duplicate cash or allocation.,All expected records and amounts match; no unexplained error or stale state.
RUN-20270103-12,2027-01-03,12,Monthly operations,Property Manager,Mobile,Portal card,Post and allocate tenant receipt,P024; U027; L027,,FIN-00060; FIN-00061,"Open Scan for paper payment or the tenant-account receipt form for electronic payment; verify tenant/lease match, amount, date, method, and reference; confirm once; open ledger detail and allocation.","Receipt is append-only, allocated once to the correct rent charge, and visible consistently in Unit, Lease, Tenant Account, Accounting, and portal views.",Scan review or form; success result; exact ledger rows; payment detail; accounting delta; portal receipt.,Retry the idempotency key once during the quarter assigned in the coverage matrix; no duplicate cash or allocation.,All expected records and amounts match; no unexplained error or stale state.
RUN-20270103-13,2027-01-03,13,Monthly operations,Property Manager,Web,Manual ACH,Post and allocate tenant receipt,P025; U030; L030,,FIN-00066; FIN-00067,"Open Scan for paper payment or the tenant-account receipt form for electronic payment; verify tenant/lease match, amount, date, method, and reference; confirm once; open ledger detail and allocation.","Receipt is append-only, allocated once to the correct rent charge, and visible consistently in Unit, Lease, Tenant Account, Accounting, and portal views.",Scan review or form; success result; exact ledger rows; payment detail; accounting delta; portal receipt.,Retry the idempotency key once during the quarter assigned in the coverage matrix; no duplicate cash or allocation.,All expected records and amounts match; no unexplained error or stale state.
RUN-20270103-14,2027-01-03,14,Monthly operations,Property Manager,Mobile,Scanned money order,Post and allocate tenant receipt,P027; U033; L033,SCN-0106,FIN-00072; FIN-00073,"Open Scan for paper payment or the tenant-account receipt form for electronic payment; verify tenant/lease match, amount, date, method, and reference; confirm once; open ledger detail and allocation.","Receipt is append-only, allocated once to the correct rent charge, and visible consistently in Unit, Lease, Tenant Account, Accounting, and portal views.",Scan review or form; success result; exact ledger rows; payment detail; accounting delta; portal receipt.,Retry the idempotency key once during the quarter assigned in the coverage matrix; no duplicate cash or allocation.,All expected records and amounts match; no unexplained error or stale state.
RUN-20270103-15,2027-01-03,15,Monthly operations,Property Manager,Web,Scanned check,Post and allocate tenant receipt,P028; U036; L036,SCN-0107,FIN-00080; FIN-00081,"Open Scan for paper payment or the tenant-account receipt form for electronic payment; verify tenant/lease match, amount, date, method, and reference; confirm once; open ledger detail and allocation.","Receipt is append-only, allocated once to the correct rent charge, and visible consistently in Unit, Lease, Tenant Account, Accounting, and portal views.",Scan review or form; success result; exact ledger rows; payment detail; accounting delta; portal receipt.,Retry the idempotency key once during the quarter assigned in the coverage matrix; no duplicate cash or allocation.,All expected records and amounts match; no unexplained error or stale state.
RUN-20270104-01,2027-01-04,1,Opening setup,Workspace Administrator,Web,Scan-first,Opening lease intake batch 3,L025-L036,SCN-0025; SCN-0026; SCN-0027; SCN-0028; SCN-0029; SCN-0030; SCN-0031; SCN-0032; SCN-0033; SCN-0034; SCN-0035; SCN-0036,,"Set the simulation clock; upload each lease; wait for extraction; review every required field; correct only deliberately degraded fields; confirm sequentially; follow created Property, Unit, Tenant, Lease, Agreement, and Tenant Account links.",Exactly 12 distinct LeaseManagement relationships are created. Shared property/unit identities dedupe correctly. No record is created before confirmation.,Batch counts; each draft status; field-confidence evidence; created links; DB-side list counts; audit/outbox evidence.,"Re-upload one file, reject one intentionally, then retry it; prove no duplicate lease or half-created aggregate.",All expected records and amounts match; no unexplained error or stale state.
RUN-20270104-02,2027-01-04,2,Monthly operations,Property Manager,Mobile,Scanned money order,Post and allocate tenant receipt,P001; U001; L001,SCN-0087,FIN-00002; FIN-00003,"Open Scan for paper payment or the tenant-account receipt form for electronic payment; verify tenant/lease match, amount, date, method, and reference; confirm once; open ledger detail and allocation.","Receipt is append-only, allocated once to the correct rent charge, and visible consistently in Unit, Lease, Tenant Account, Accounting, and portal views.",Scan review or form; success result; exact ledger rows; payment detail; accounting delta; portal receipt.,Retry the idempotency key once during the quarter assigned in the coverage matrix; no duplicate cash or allocation.,All expected records and amounts match; no unexplained error or stale state.
RUN-20270104-03,2027-01-04,3,Monthly operations,Property Manager,Web,Scanned check,Post and allocate tenant receipt,P004; U004; L004,SCN-0088,FIN-00008; FIN-00009,"Open Scan for paper payment or the tenant-account receipt form for electronic payment; verify tenant/lease match, amount, date, method, and reference; confirm once; open ledger detail and allocation.","Receipt is append-only, allocated once to the correct rent charge, and visible consistently in Unit, Lease, Tenant Account, Accounting, and portal views.",Scan review or form; success result; exact ledger rows; payment detail; accounting delta; portal receipt.,Retry the idempotency key once during the quarter assigned in the coverage matrix; no duplicate cash or allocation.,All expected records and amounts match; no unexplained error or stale state.
RUN-20270104-04,2027-01-04,4,Monthly operations,Property Manager,Mobile,Portal card,Post and allocate tenant receipt,P007; U007; L007,,FIN-00014; FIN-00015,"Open Scan for paper payment or the tenant-account receipt form for electronic payment; verify tenant/lease match, amount, date, method, and reference; confirm once; open ledger detail and allocation.","Receipt is append-only, allocated once to the correct rent charge, and visible consistently in Unit, Lease, Tenant Account, Accounting, and portal views.",Scan review or form; success result; exact ledger rows; payment detail; accounting delta; portal receipt.,Retry the idempotency key once during the quarter assigned in the coverage matrix; no duplicate cash or allocation.,All expected records and amounts match; no unexplained error or stale state.
RUN-20270104-05,2027-01-04,5,Monthly operations,Property Manager,Web,Manual ACH,Post and allocate tenant receipt,P010; U010; L010,,FIN-00020; FIN-00021,"Open Scan for paper payment or the tenant-account receipt form for electronic payment; verify tenant/lease match, amount, date, method, and reference; confirm once; open ledger detail and allocation.","Receipt is append-only, allocated once to the correct rent charge, and visible consistently in Unit, Lease, Tenant Account, Accounting, and portal views.",Scan review or form; success result; exact ledger rows; payment detail; accounting delta; portal receipt.,Retry the idempotency key once during the quarter assigned in the coverage matrix; no duplicate cash or allocation.,All expected records and amounts match; no unexplained error or stale state.
RUN-20270104-06,2027-01-04,6,Monthly operations,Property Manager,Web,Scanned check,Post and allocate tenant receipt,P016; U016; L016,SCN-0095,FIN-00035; FIN-00036,"Open Scan for paper payment or the tenant-account receipt form for electronic payment; verify tenant/lease match, amount, date, method, and reference; confirm once; open ledger detail and allocation.","Receipt is append-only, allocated once to the correct rent charge, and visible consistently in Unit, Lease, Tenant Account, Accounting, and portal views.",Scan review or form; success result; exact ledger rows; payment detail; accounting delta; portal receipt.,Retry the idempotency key once during the quarter assigned in the coverage matrix; no duplicate cash or allocation.,All expected records and amounts match; no unexplained error or stale state.
RUN-20270104-07,2027-01-04,7,Monthly operations,Property Manager,Mobile,Portal card,Post and allocate tenant receipt,P019; U019; L019,,FIN-00041; FIN-00042,"Open Scan for paper payment or the tenant-account receipt form for electronic payment; verify tenant/lease match, amount, date, method, and reference; confirm once; open ledger detail and allocation.","Receipt is append-only, allocated once to the correct rent charge, and visible consistently in Unit, Lease, Tenant Account, Accounting, and portal views.",Scan review or form; success result; exact ledger rows; payment detail; accounting delta; portal receipt.,Retry the idempotency key once during the quarter assigned in the coverage matrix; no duplicate cash or allocation.,All expected records and amounts match; no unexplained error or stale state.
RUN-20270104-08,2027-01-04,8,Monthly operations,Property Manager,Mobile,Scanned money order,Post and allocate tenant receipt,P023; U025; L025,SCN-0101,FIN-00055; FIN-00056,"Open Scan for paper payment or the tenant-account receipt form for electronic payment; verify tenant/lease match, amount, date, method, and reference; confirm once; open ledger detail and allocation.","Receipt is append-only, allocated once to the correct rent charge, and visible consistently in Unit, Lease, Tenant Account, Accounting, and portal views.",Scan review or form; success result; exact ledger rows; payment detail; accounting delta; portal receipt.,Retry the idempotency key once during the quarter assigned in the coverage matrix; no duplicate cash or allocation.,All expected records and amounts match; no unexplained error or stale state.
RUN-20270104-09,2027-01-04,9,Monthly operations,Property Manager,Web,Scanned check,Post and allocate tenant receipt,P024; U028; L028,SCN-0103,FIN-00062; FIN-00063,"Open Scan for paper payment or the tenant-account receipt form for electronic payment; verify tenant/lease match, amount, date, method, and reference; confirm once; open ledger detail and allocation.","Receipt is append-only, allocated once to the correct rent charge, and visible consistently in Unit, Lease, Tenant Account, Accounting, and portal views.",Scan review or form; success result; exact ledger rows; payment detail; accounting delta; portal receipt.,Retry the idempotency key once during the quarter assigned in the coverage matrix; no duplicate cash or allocation.,All expected records and amounts match; no unexplained error or stale state.
RUN-20270104-10,2027-01-04,10,Monthly operations,Property Manager,Mobile,Portal card,Post advance tenant receipt,P026; U031; L031,,FIN-00068; FIN-00069,"Open Scan for paper payment or the tenant-account receipt form; verify tenant/lease match, amount, date, method, and reference; confirm once as an advance receipt for 2027-01-31; open ledger detail and allocation.","Advance receipt is append-only, credits the tenant account before the matching charge date, and is visible consistently in Unit, Lease, Tenant Account, Accounting, and portal views.",Scan review or form; success result; exact advance receipt ledger rows; payment detail; accounting delta; portal receipt.,Retry the idempotency key once during the quarter assigned in the coverage matrix; no duplicate cash or allocation.,All expected records and amounts match; no unexplained error or stale state.
RUN-20270104-11,2027-01-04,11,Monthly operations,Property Manager,Web,Manual ACH,Post and allocate tenant receipt,P027; U034; L034,,FIN-00076; FIN-00077,"Open Scan for paper payment or the tenant-account receipt form for electronic payment; verify tenant/lease match, amount, date, method, and reference; confirm once; open ledger detail and allocation.","Receipt is append-only, allocated once to the correct rent charge, and visible consistently in Unit, Lease, Tenant Account, Accounting, and portal views.",Scan review or form; success result; exact ledger rows; payment detail; accounting delta; portal receipt.,Retry the idempotency key once during the quarter assigned in the coverage matrix; no duplicate cash or allocation.,All expected records and amounts match; no unexplained error or stale state.
RUN-20270104-12,2027-01-04,12,Weekly operations,Property Manager,Mobile,Scan-first,Create and triage maintenance request,P008; U008; WO-2027-001,SCN-0347,,Capture the tenant note/photo; review HVAC filter and no-cool call; confirm; set responsibility; dispatch ComfortZone HVAC; create an appointment and verify the tenant notification.,"Work order, status timeline, responsibility, vendor dispatch, appointment, notification, and Unit context are linked once.",Scan review; work order detail/timeline; dispatch; appointment; notification; tenant portal view.,"Cancel one dispatch each quarter, reassign once, and prove status/history remains append-only.",All expected records and amounts match; no unexplained error or stale state.
RUN-20270105-01,2027-01-05,1,Opening setup,Property Manager,Web,Manual,Create the initially vacant unit and verify property structure,P029; U037,,,"Create the missing duplex Property/Unit records with address, structure, unit label, beds, baths, square feet, market rent, and Vacant state. Immediately edit one field from the other client.",P029/P030 exist as MultiRental properties with two separately rentable vacant units and no fake current lease.,List + detail screenshots on both clients; server-paged list result; audit row.,Attempt a duplicate unit label and verify the whole command rolls back.,All expected records and amounts match; no unexplained error or stale state.
RUN-20270105-02,2027-01-05,2,Monthly operations,Property Manager,Web,Manual ACH,Post and allocate tenant receipt,P002; U002; L002,,FIN-00004; FIN-00005,"Open Scan for paper payment or the tenant-account receipt form for electronic payment; verify tenant/lease match, amount, date, method, and reference; confirm once; open ledger detail and allocation.","Receipt is append-only, allocated once to the correct rent charge, and visible consistently in Unit, Lease, Tenant Account, Accounting, and portal views.",Scan review or form; success result; exact ledger rows; payment detail; accounting delta; portal receipt.,Retry the idempotency key once during the quarter assigned in the coverage matrix; no duplicate cash or allocation.,All expected records and amounts match; no unexplained error or stale state.
RUN-20270105-03,2027-01-05,3,Monthly operations,Property Manager,Mobile,Scanned money order,Post and allocate tenant receipt,P005; U005; L005,SCN-0089,FIN-00010; FIN-00011,"Open Scan for paper payment or the tenant-account receipt form for electronic payment; verify tenant/lease match, amount, date, method, and reference; confirm once; open ledger detail and allocation.","Receipt is append-only, allocated once to the correct rent charge, and visible consistently in Unit, Lease, Tenant Account, Accounting, and portal views.",Scan review or form; success result; exact ledger rows; payment detail; accounting delta; portal receipt.,Retry the idempotency key once during the quarter assigned in the coverage matrix; no duplicate cash or allocation.,All expected records and amounts match; no unexplained error or stale state.
RUN-20270105-04,2027-01-05,4,Monthly operations,Property Manager,Web,Scanned check,Post and allocate tenant receipt,P008; U008; L008,SCN-0090,FIN-00016; FIN-00017,"Open Scan for paper payment or the tenant-account receipt form for electronic payment; verify tenant/lease match, amount, date, method, and reference; confirm once; open ledger detail and allocation.","Receipt is append-only, allocated once to the correct rent charge, and visible consistently in Unit, Lease, Tenant Account, Accounting, and portal views.",Scan review or form; success result; exact ledger rows; payment detail; accounting delta; portal receipt.,Retry the idempotency key once during the quarter assigned in the coverage matrix; no duplicate cash or allocation.,All expected records and amounts match; no unexplained error or stale state.
RUN-20270105-05,2027-01-05,5,Monthly operations,Property Manager,Web,Manual ACH,Post and allocate tenant receipt,P014; U014; L014,,FIN-00031; FIN-00032,"Open Scan for paper payment or the tenant-account receipt form for electronic payment; verify tenant/lease match, amount, date, method, and reference; confirm once; open ledger detail and allocation.","Receipt is append-only, allocated once to the correct rent charge, and visible consistently in Unit, Lease, Tenant Account, Accounting, and portal views.",Scan review or form; success result; exact ledger rows; payment detail; accounting delta; portal receipt.,Retry the idempotency key once during the quarter assigned in the coverage matrix; no duplicate cash or allocation.,All expected records and amounts match; no unexplained error or stale state.
RUN-20270105-06,2027-01-05,6,Monthly operations,Property Manager,Mobile,Scanned money order,Post and allocate tenant receipt,P017; U017; L017,SCN-0096,FIN-00037; FIN-00038,"Open Scan for paper payment or the tenant-account receipt form for electronic payment; verify tenant/lease match, amount, date, method, and reference; confirm once; open ledger detail and allocation.","Receipt is append-only, allocated once to the correct rent charge, and visible consistently in Unit, Lease, Tenant Account, Accounting, and portal views.",Scan review or form; success result; exact ledger rows; payment detail; accounting delta; portal receipt.,Retry the idempotency key once during the quarter assigned in the coverage matrix; no duplicate cash or allocation.,All expected records and amounts match; no unexplained error or stale state.
RUN-20270105-07,2027-01-05,7,Monthly operations,Property Manager,Web,Scanned check,Post and allocate tenant receipt,P020; U020; L020,SCN-0097,FIN-00043; FIN-00044,"Open Scan for paper payment or the tenant-account receipt form for electronic payment; verify tenant/lease match, amount, date, method, and reference; confirm once; open ledger detail and allocation.","Receipt is append-only, allocated once to the correct rent charge, and visible consistently in Unit, Lease, Tenant Account, Accounting, and portal views.",Scan review or form; success result; exact ledger rows; payment detail; accounting delta; portal receipt.,Retry the idempotency key once during the quarter assigned in the coverage matrix; no duplicate cash or allocation.,All expected records and amounts match; no unexplained error or stale state.
RUN-20270105-08,2027-01-05,8,Monthly operations,Property Manager,Mobile,Portal card,Post and allocate tenant receipt,P022; U023; L023,,FIN-00051; FIN-00052,"Open Scan for paper payment or the tenant-account receipt form for electronic payment; verify tenant/lease match, amount, date, method, and reference; confirm once; open ledger detail and allocation.","Receipt is append-only, allocated once to the correct rent charge, and visible consistently in Unit, Lease, Tenant Account, Accounting, and portal views.",Scan review or form; success result; exact ledger rows; payment detail; accounting delta; portal receipt.,Retry the idempotency key once during the quarter assigned in the coverage matrix; no duplicate cash or allocation.,All expected records and amounts match; no unexplained error or stale state.
RUN-20270105-09,2027-01-05,9,Monthly operations,Property Manager,Mobile,Scanned money order,Post and allocate tenant receipt,P025; U029; L029,SCN-0104,FIN-00064; FIN-00065,"Open Scan for paper payment or the tenant-account receipt form for electronic payment; verify tenant/lease match, amount, date, method, and reference; confirm once; open ledger detail and allocation.","Receipt is append-only, allocated once to the correct rent charge, and visible consistently in Unit, Lease, Tenant Account, Accounting, and portal views.",Scan review or form; success result; exact ledger rows; payment detail; accounting delta; portal receipt.,Retry the idempotency key once during the quarter assigned in the coverage matrix; no duplicate cash or allocation.,All expected records and amounts match; no unexplained error or stale state.
RUN-20270105-10,2027-01-05,10,Monthly operations,Property Manager,Web,Scanned check,Post and allocate tenant receipt,P026; U032; L032,SCN-0105,FIN-00070; FIN-00071,"Open Scan for paper payment or the tenant-account receipt form for electronic payment; verify tenant/lease match, amount, date, method, and reference; confirm once; open ledger detail and allocation.","Receipt is append-only, allocated once to the correct rent charge, and visible consistently in Unit, Lease, Tenant Account, Accounting, and portal views.",Scan review or form; success result; exact ledger rows; payment detail; accounting delta; portal receipt.,Retry the idempotency key once during the quarter assigned in the coverage matrix; no duplicate cash or allocation.,All expected records and amounts match; no unexplained error or stale state.
RUN-20270105-11,2027-01-05,11,Monthly operations,Property Manager,Mobile,Portal card,Post and allocate tenant receipt,P028; U035; L035,,FIN-00078; FIN-00079,"Open Scan for paper payment or the tenant-account receipt form for electronic payment; verify tenant/lease match, amount, date, method, and reference; confirm once; open ledger detail and allocation.","Receipt is append-only, allocated once to the correct rent charge, and visible consistently in Unit, Lease, Tenant Account, Accounting, and portal views.",Scan review or form; success result; exact ledger rows; payment detail; accounting delta; portal receipt.,Retry the idempotency key once during the quarter assigned in the coverage matrix; no duplicate cash or allocation.,All expected records and amounts match; no unexplained error or stale state.
RUN-20270105-12,2027-01-05,12,Weekly operations,Property Manager,Mobile,Scanned receipt/invoice,"Record, review, allocate, and pay operating expense",P008; U008; WO-2027-001,SCN-0348,FIN-01024,"Capture or upload the source; verify vendor, date, scope, category, line items, tax, amount, and work-order link; confirm; open detail; verify attachment; compare Money and Property/Unit views.","One expense exists at its real operational scope, cash falls once, Schedule E category and allocations agree, and no per-unit copies are created.",Source preview; review/form; expense detail; line items; Property/Unit ledger; audit; accounting/report delta.,"On marked duplicate-invoice cases, re-upload before confirm and prove the product prevents or clearly warns about duplication.",All expected records and amounts match; no unexplained error or stale state.
RUN-20270106-01,2027-01-06,1,Opening setup,Property Manager,Mobile,Manual,Create the initially vacant unit and verify property structure,P029; U038,,,"Create the missing duplex Property/Unit records with address, structure, unit label, beds, baths, square feet, market rent, and Vacant state. Immediately edit one field from the other client.",P029/P030 exist as MultiRental properties with two separately rentable vacant units and no fake current lease.,List + detail screenshots on both clients; server-paged list result; audit row.,Attempt a duplicate unit label and verify the whole command rolls back.,All expected records and amounts match; no unexplained error or stale state.
RUN-20270107-01,2027-01-07,1,Opening setup,Property Manager,Web,Manual,Create the initially vacant unit and verify property structure,P030; U039,,,"Create the missing duplex Property/Unit records with address, structure, unit label, beds, baths, square feet, market rent, and Vacant state. Immediately edit one field from the other client.",P029/P030 exist as MultiRental properties with two separately rentable vacant units and no fake current lease.,List + detail screenshots on both clients; server-paged list result; audit row.,Attempt a duplicate unit label and verify the whole command rolls back.,All expected records and amounts match; no unexplained error or stale state.
RUN-20270107-02,2027-01-07,2,Leasing,Leasing Agent,Web + Mobile,Manual lifecycle command,Approve application and prepare move-in,L043; U037; T043,,,"Approve the selected application; run Prepare move-in; confirm parties, planned possession, rent, deposit, Tenant Account, and initial Agreement draft; invite portal access under policy.","One planned LeaseManagement, party set, account, and agreement draft commit atomically; Unit is move-in scheduled, not occupied.",Application decision; Unit state; parties; account; draft; portal invitation; atomic audit.,Inject failure at the former save boundary and prove no partial relationship/account/agreement remains.,All expected records and amounts match; no unexplained error or stale state.
RUN-20270108-01,2027-01-08,1,Opening setup,Workspace Administrator,Web,Scan attachment + manual confirmation,"Property ownership, basis, and loan setup",P001; LN001,SCN-0037; SCN-0038,FIN-00001,"Open the property created by lease intake; attach the deed, verify owner/basis fields, then create or verify the loan and its current balance. Use the other client for the paired property/loan edit.","One property and its canonical unit remain linked; owner, cost basis, land/building split, and loan terms match the oracle without duplicate records.",Before/after screenshots; document links; property and loan detail; audit row; generated amortization sample.,Try the same masked mortgage statement twice and prove idempotent attachment/draft behavior.,All expected records and amounts match; no unexplained error or stale state.
RUN-20270108-02,2027-01-08,2,Opening setup,Workspace Administrator,Mobile,Scan attachment + manual confirmation,"Property ownership, basis, and loan setup",P002; LN002,SCN-0039; SCN-0040,FIN-00001,"Open the property created by lease intake; attach the deed, verify owner/basis fields, then create or verify the loan and its current balance. Use the other client for the paired property/loan edit.","One property and its canonical unit remain linked; owner, cost basis, land/building split, and loan terms match the oracle without duplicate records.",Before/after screenshots; document links; property and loan detail; audit row; generated amortization sample.,Try the same masked mortgage statement twice and prove idempotent attachment/draft behavior.,All expected records and amounts match; no unexplained error or stale state.
RUN-20270108-03,2027-01-08,3,Opening setup,Workspace Administrator,Web,Scan attachment + manual confirmation,"Property ownership, basis, and loan setup",P003; ,SCN-0041,FIN-00001,"Open the property created by lease intake; attach the deed, verify owner/basis fields, then create or verify the loan and its current balance. Use the other client for the paired property/loan edit.","One property and its canonical unit remain linked; owner, cost basis, land/building split, and loan terms match the oracle without duplicate records.",Before/after screenshots; document links; property and loan detail; audit row; generated amortization sample.,Try the same masked mortgage statement twice and prove idempotent attachment/draft behavior.,All expected records and amounts match; no unexplained error or stale state.
RUN-20270108-04,2027-01-08,4,Opening setup,Workspace Administrator,Mobile,Scan attachment + manual confirmation,"Property ownership, basis, and loan setup",P004; LN004,SCN-0042; SCN-0043,FIN-00001,"Open the property created by lease intake; attach the deed, verify owner/basis fields, then create or verify the loan and its current balance. Use the other client for the paired property/loan edit.","One property and its canonical unit remain linked; owner, cost basis, land/building split, and loan terms match the oracle without duplicate records.",Before/after screenshots; document links; property and loan detail; audit row; generated amortization sample.,Try the same masked mortgage statement twice and prove idempotent attachment/draft behavior.,All expected records and amounts match; no unexplained error or stale state.
RUN-20270108-05,2027-01-08,5,Opening setup,Workspace Administrator,Web,Scan attachment + manual confirmation,"Property ownership, basis, and loan setup",P005; LN005,SCN-0044; SCN-0045,FIN-00001,"Open the property created by lease intake; attach the deed, verify owner/basis fields, then create or verify the loan and its current balance. Use the other client for the paired property/loan edit.","One property and its canonical unit remain linked; owner, cost basis, land/building split, and loan terms match the oracle without duplicate records.",Before/after screenshots; document links; property and loan detail; audit row; generated amortization sample.,Try the same masked mortgage statement twice and prove idempotent attachment/draft behavior.,All expected records and amounts match; no unexplained error or stale state.
RUN-20270108-06,2027-01-08,6,Opening setup,Workspace Administrator,Mobile,Scan attachment + manual confirmation,"Property ownership, basis, and loan setup",P006; ,SCN-0046,FIN-00001,"Open the property created by lease intake; attach the deed, verify owner/basis fields, then create or verify the loan and its current balance. Use the other client for the paired property/loan edit.","One property and its canonical unit remain linked; owner, cost basis, land/building split, and loan terms match the oracle without duplicate records.",Before/after screenshots; document links; property and loan detail; audit row; generated amortization sample.,Try the same masked mortgage statement twice and prove idempotent attachment/draft behavior.,All expected records and amounts match; no unexplained error or stale state.
RUN-20270108-07,2027-01-08,7,Opening setup,Workspace Administrator,Web,Scan attachment + manual confirmation,"Property ownership, basis, and loan setup",P007; LN007,SCN-0047; SCN-0048,FIN-00001,"Open the property created by lease intake; attach the deed, verify owner/basis fields, then create or verify the loan and its current balance. Use the other client for the paired property/loan edit.","One property and its canonical unit remain linked; owner, cost basis, land/building split, and loan terms match the oracle without duplicate records.",Before/after screenshots; document links; property and loan detail; audit row; generated amortization sample.,Try the same masked mortgage statement twice and prove idempotent attachment/draft behavior.,All expected records and amounts match; no unexplained error or stale state.
RUN-20270108-08,2027-01-08,8,Opening setup,Workspace Administrator,Mobile,Scan attachment + manual confirmation,"Property ownership, basis, and loan setup",P008; LN008,SCN-0049; SCN-0050,FIN-00001,"Open the property created by lease intake; attach the deed, verify owner/basis fields, then create or verify the loan and its current balance. Use the other client for the paired property/loan edit.","One property and its canonical unit remain linked; owner, cost basis, land/building split, and loan terms match the oracle without duplicate records.",Before/after screenshots; document links; property and loan detail; audit row; generated amortization sample.,Try the same masked mortgage statement twice and prove idempotent attachment/draft behavior.,All expected records and amounts match; no unexplained error or stale state.
RUN-20270108-09,2027-01-08,9,Opening setup,Workspace Administrator,Web,Scan attachment + manual confirmation,"Property ownership, basis, and loan setup",P009; ,SCN-0051,FIN-00001,"Open the property created by lease intake; attach the deed, verify owner/basis fields, then create or verify the loan and its current balance. Use the other client for the paired property/loan edit.","One property and its canonical unit remain linked; owner, cost basis, land/building split, and loan terms match the oracle without duplicate records.",Before/after screenshots; document links; property and loan detail; audit row; generated amortization sample.,Try the same masked mortgage statement twice and prove idempotent attachment/draft behavior.,All expected records and amounts match; no unexplained error or stale state.
RUN-20270108-10,2027-01-08,10,Opening setup,Workspace Administrator,Mobile,Scan attachment + manual confirmation,"Property ownership, basis, and loan setup",P010; LN010,SCN-0052; SCN-0053,FIN-00001,"Open the property created by lease intake; attach the deed, verify owner/basis fields, then create or verify the loan and its current balance. Use the other client for the paired property/loan edit.","One property and its canonical unit remain linked; owner, cost basis, land/building split, and loan terms match the oracle without duplicate records.",Before/after screenshots; document links; property and loan detail; audit row; generated amortization sample.,Try the same masked mortgage statement twice and prove idempotent attachment/draft behavior.,All expected records and amounts match; no unexplained error or stale state.
RUN-20270108-11,2027-01-08,11,Opening setup,Property Manager,Mobile,Manual,Create the initially vacant unit and verify property structure,P030; U040,,,"Create the missing duplex Property/Unit records with address, structure, unit label, beds, baths, square feet, market rent, and Vacant state. Immediately edit one field from the other client.",P029/P030 exist as MultiRental properties with two separately rentable vacant units and no fake current lease.,List + detail screenshots on both clients; server-paged list result; audit row.,Attempt a duplicate unit label and verify the whole command rolls back.,All expected records and amounts match; no unexplained error or stale state.
RUN-20270108-12,2027-01-08,12,Monthly operations,Property Manager,Web,Scanned check,Post and allocate tenant receipt,P013; U013; L013,SCN-0094,FIN-00029; FIN-00030,"Open Scan for paper payment or the tenant-account receipt form for electronic payment; verify tenant/lease match, amount, date, method, and reference; confirm once; open ledger detail and allocation.","Receipt is append-only, allocated once to the correct rent charge, and visible consistently in Unit, Lease, Tenant Account, Accounting, and portal views.",Scan review or form; success result; exact ledger rows; payment detail; accounting delta; portal receipt.,Retry the idempotency key once during the quarter assigned in the coverage matrix; no duplicate cash or allocation.,All expected records and amounts match; no unexplained error or stale state.
RUN-20270108-13,2027-01-08,13,Monthly operations,Property Manager,Mobile,Scanned money order,Post and allocate tenant receipt,P023; U026; L026,SCN-0102,FIN-00058; FIN-00059,"Open Scan for paper payment or the tenant-account receipt form for electronic payment; verify tenant/lease match, amount, date, method, and reference; confirm once; open ledger detail and allocation.","Receipt is append-only, allocated once to the correct rent charge, and visible consistently in Unit, Lease, Tenant Account, Accounting, and portal views.",Scan review or form; success result; exact ledger rows; payment detail; accounting delta; portal receipt.,Retry the idempotency key once during the quarter assigned in the coverage matrix; no duplicate cash or allocation.,All expected records and amounts match; no unexplained error or stale state.
RUN-20270109-01,2027-01-09,1,Opening setup,Workspace Administrator,Web,Scan attachment + manual confirmation,"Property ownership, basis, and loan setup",P011; LN011,SCN-0054; SCN-0055,FIN-00001,"Open the property created by lease intake; attach the deed, verify owner/basis fields, then create or verify the loan and its current balance. Use the other client for the paired property/loan edit.","One property and its canonical unit remain linked; owner, cost basis, land/building split, and loan terms match the oracle without duplicate records.",Before/after screenshots; document links; property and loan detail; audit row; generated amortization sample.,Try the same masked mortgage statement twice and prove idempotent attachment/draft behavior.,All expected records and amounts match; no unexplained error or stale state.
RUN-20270109-02,2027-01-09,2,Opening setup,Workspace Administrator,Mobile,Scan attachment + manual confirmation,"Property ownership, basis, and loan setup",P012; ,SCN-0056,FIN-00001,"Open the property created by lease intake; attach the deed, verify owner/basis fields, then create or verify the loan and its current balance. Use the other client for the paired property/loan edit.","One property and its canonical unit remain linked; owner, cost basis, land/building split, and loan terms match the oracle without duplicate records.",Before/after screenshots; document links; property and loan detail; audit row; generated amortization sample.,Try the same masked mortgage statement twice and prove idempotent attachment/draft behavior.,All expected records and amounts match; no unexplained error or stale state.
RUN-20270109-03,2027-01-09,3,Opening setup,Workspace Administrator,Web,Scan attachment + manual confirmation,"Property ownership, basis, and loan setup",P013; LN013,SCN-0057; SCN-0058,FIN-00001,"Open the property created by lease intake; attach the deed, verify owner/basis fields, then create or verify the loan and its current balance. Use the other client for the paired property/loan edit.","One property and its canonical unit remain linked; owner, cost basis, land/building split, and loan terms match the oracle without duplicate records.",Before/after screenshots; document links; property and loan detail; audit row; generated amortization sample.,Try the same masked mortgage statement twice and prove idempotent attachment/draft behavior.,All expected records and amounts match; no unexplained error or stale state.
RUN-20270109-04,2027-01-09,4,Opening setup,Workspace Administrator,Mobile,Scan attachment + manual confirmation,"Property ownership, basis, and loan setup",P014; LN014,SCN-0059; SCN-0060,FIN-00001,"Open the property created by lease intake; attach the deed, verify owner/basis fields, then create or verify the loan and its current balance. Use the other client for the paired property/loan edit.","One property and its canonical unit remain linked; owner, cost basis, land/building split, and loan terms match the oracle without duplicate records.",Before/after screenshots; document links; property and loan detail; audit row; generated amortization sample.,Try the same masked mortgage statement twice and prove idempotent attachment/draft behavior.,All expected records and amounts match; no unexplained error or stale state.
RUN-20270109-05,2027-01-09,5,Opening setup,Workspace Administrator,Web,Scan attachment + manual confirmation,"Property ownership, basis, and loan setup",P015; ,SCN-0061,FIN-00001,"Open the property created by lease intake; attach the deed, verify owner/basis fields, then create or verify the loan and its current balance. Use the other client for the paired property/loan edit.","One property and its canonical unit remain linked; owner, cost basis, land/building split, and loan terms match the oracle without duplicate records.",Before/after screenshots; document links; property and loan detail; audit row; generated amortization sample.,Try the same masked mortgage statement twice and prove idempotent attachment/draft behavior.,All expected records and amounts match; no unexplained error or stale state.
RUN-20270109-06,2027-01-09,6,Opening setup,Workspace Administrator,Mobile,Scan attachment + manual confirmation,"Property ownership, basis, and loan setup",P016; LN016,SCN-0062; SCN-0063,FIN-00001,"Open the property created by lease intake; attach the deed, verify owner/basis fields, then create or verify the loan and its current balance. Use the other client for the paired property/loan edit.","One property and its canonical unit remain linked; owner, cost basis, land/building split, and loan terms match the oracle without duplicate records.",Before/after screenshots; document links; property and loan detail; audit row; generated amortization sample.,Try the same masked mortgage statement twice and prove idempotent attachment/draft behavior.,All expected records and amounts match; no unexplained error or stale state.
RUN-20270109-07,2027-01-09,7,Opening setup,Workspace Administrator,Web,Scan attachment + manual confirmation,"Property ownership, basis, and loan setup",P017; LN017,SCN-0064; SCN-0065,FIN-00001,"Open the property created by lease intake; attach the deed, verify owner/basis fields, then create or verify the loan and its current balance. Use the other client for the paired property/loan edit.","One property and its canonical unit remain linked; owner, cost basis, land/building split, and loan terms match the oracle without duplicate records.",Before/after screenshots; document links; property and loan detail; audit row; generated amortization sample.,Try the same masked mortgage statement twice and prove idempotent attachment/draft behavior.,All expected records and amounts match; no unexplained error or stale state.
RUN-20270109-08,2027-01-09,8,Opening setup,Workspace Administrator,Mobile,Scan attachment + manual confirmation,"Property ownership, basis, and loan setup",P018; ,SCN-0066,FIN-00001,"Open the property created by lease intake; attach the deed, verify owner/basis fields, then create or verify the loan and its current balance. Use the other client for the paired property/loan edit.","One property and its canonical unit remain linked; owner, cost basis, land/building split, and loan terms match the oracle without duplicate records.",Before/after screenshots; document links; property and loan detail; audit row; generated amortization sample.,Try the same masked mortgage statement twice and prove idempotent attachment/draft behavior.,All expected records and amounts match; no unexplained error or stale state.
RUN-20270109-09,2027-01-09,9,Opening setup,Workspace Administrator,Web,Scan attachment + manual confirmation,"Property ownership, basis, and loan setup",P019; LN019,SCN-0067; SCN-0068,FIN-00001,"Open the property created by lease intake; attach the deed, verify owner/basis fields, then create or verify the loan and its current balance. Use the other client for the paired property/loan edit.","One property and its canonical unit remain linked; owner, cost basis, land/building split, and loan terms match the oracle without duplicate records.",Before/after screenshots; document links; property and loan detail; audit row; generated amortization sample.,Try the same masked mortgage statement twice and prove idempotent attachment/draft behavior.,All expected records and amounts match; no unexplained error or stale state.
RUN-20270109-10,2027-01-09,10,Opening setup,Workspace Administrator,Mobile,Scan attachment + manual confirmation,"Property ownership, basis, and loan setup",P020; LN020,SCN-0069; SCN-0070,FIN-00001,"Open the property created by lease intake; attach the deed, verify owner/basis fields, then create or verify the loan and its current balance. Use the other client for the paired property/loan edit.","One property and its canonical unit remain linked; owner, cost basis, land/building split, and loan terms match the oracle without duplicate records.",Before/after screenshots; document links; property and loan detail; audit row; generated amortization sample.,Try the same masked mortgage statement twice and prove idempotent attachment/draft behavior.,All expected records and amounts match; no unexplained error or stale state.
RUN-20270110-01,2027-01-10,1,Opening setup,Workspace Administrator,Web,Scan attachment + manual confirmation,"Property ownership, basis, and loan setup",P021; ,SCN-0071,FIN-00001,"Open the property created by lease intake; attach the deed, verify owner/basis fields, then create or verify the loan and its current balance. Use the other client for the paired property/loan edit.","One property and its canonical unit remain linked; owner, cost basis, land/building split, and loan terms match the oracle without duplicate records.",Before/after screenshots; document links; property and loan detail; audit row; generated amortization sample.,Try the same masked mortgage statement twice and prove idempotent attachment/draft behavior.,All expected records and amounts match; no unexplained error or stale state.
RUN-20270110-02,2027-01-10,2,Opening setup,Workspace Administrator,Mobile,Scan attachment + manual confirmation,"Property ownership, basis, and loan setup",P022; LN022,SCN-0072; SCN-0073,FIN-00001,"Open the property created by lease intake; attach the deed, verify owner/basis fields, then create or verify the loan and its current balance. Use the other client for the paired property/loan edit.","One property and its canonical unit remain linked; owner, cost basis, land/building split, and loan terms match the oracle without duplicate records.",Before/after screenshots; document links; property and loan detail; audit row; generated amortization sample.,Try the same masked mortgage statement twice and prove idempotent attachment/draft behavior.,All expected records and amounts match; no unexplained error or stale state.
RUN-20270110-03,2027-01-10,3,Opening setup,Workspace Administrator,Web,Scan attachment + manual confirmation,"Property ownership, basis, and loan setup",P023; LN023,SCN-0074; SCN-0075,FIN-00001,"Open the property created by lease intake; attach the deed, verify owner/basis fields, then create or verify the loan and its current balance. Use the other client for the paired property/loan edit.","One property and its canonical unit remain linked; owner, cost basis, land/building split, and loan terms match the oracle without duplicate records.",Before/after screenshots; document links; property and loan detail; audit row; generated amortization sample.,Try the same masked mortgage statement twice and prove idempotent attachment/draft behavior.,All expected records and amounts match; no unexplained error or stale state.
RUN-20270110-04,2027-01-10,4,Opening setup,Workspace Administrator,Mobile,Scan attachment + manual confirmation,"Property ownership, basis, and loan setup",P024; ,SCN-0076,FIN-00001,"Open the property created by lease intake; attach the deed, verify owner/basis fields, then create or verify the loan and its current balance. Use the other client for the paired property/loan edit.","One property and its canonical unit remain linked; owner, cost basis, land/building split, and loan terms match the oracle without duplicate records.",Before/after screenshots; document links; property and loan detail; audit row; generated amortization sample.,Try the same masked mortgage statement twice and prove idempotent attachment/draft behavior.,All expected records and amounts match; no unexplained error or stale state.
RUN-20270110-05,2027-01-10,5,Opening setup,Workspace Administrator,Web,Scan attachment + manual confirmation,"Property ownership, basis, and loan setup",P025; LN025,SCN-0077; SCN-0078,FIN-00001,"Open the property created by lease intake; attach the deed, verify owner/basis fields, then create or verify the loan and its current balance. Use the other client for the paired property/loan edit.","One property and its canonical unit remain linked; owner, cost basis, land/building split, and loan terms match the oracle without duplicate records.",Before/after screenshots; document links; property and loan detail; audit row; generated amortization sample.,Try the same masked mortgage statement twice and prove idempotent attachment/draft behavior.,All expected records and amounts match; no unexplained error or stale state.
RUN-20270110-06,2027-01-10,6,Opening setup,Workspace Administrator,Mobile,Scan attachment + manual confirmation,"Property ownership, basis, and loan setup",P026; LN026,SCN-0079; SCN-0080,FIN-00001,"Open the property created by lease intake; attach the deed, verify owner/basis fields, then create or verify the loan and its current balance. Use the other client for the paired property/loan edit.","One property and its canonical unit remain linked; owner, cost basis, land/building split, and loan terms match the oracle without duplicate records.",Before/after screenshots; document links; property and loan detail; audit row; generated amortization sample.,Try the same masked mortgage statement twice and prove idempotent attachment/draft behavior.,All expected records and amounts match; no unexplained error or stale state.
RUN-20270110-07,2027-01-10,7,Opening setup,Workspace Administrator,Web,Scan attachment + manual confirmation,"Property ownership, basis, and loan setup",P027; ,SCN-0081,FIN-00001,"Open the property created by lease intake; attach the deed, verify owner/basis fields, then create or verify the loan and its current balance. Use the other client for the paired property/loan edit.","One property and its canonical unit remain linked; owner, cost basis, land/building split, and loan terms match the oracle without duplicate records.",Before/after screenshots; document links; property and loan detail; audit row; generated amortization sample.,Try the same masked mortgage statement twice and prove idempotent attachment/draft behavior.,All expected records and amounts match; no unexplained error or stale state.
RUN-20270110-08,2027-01-10,8,Opening setup,Workspace Administrator,Mobile,Scan attachment + manual confirmation,"Property ownership, basis, and loan setup",P028; LN028,SCN-0082; SCN-0083,FIN-00001,"Open the property created by lease intake; attach the deed, verify owner/basis fields, then create or verify the loan and its current balance. Use the other client for the paired property/loan edit.","One property and its canonical unit remain linked; owner, cost basis, land/building split, and loan terms match the oracle without duplicate records.",Before/after screenshots; document links; property and loan detail; audit row; generated amortization sample.,Try the same masked mortgage statement twice and prove idempotent attachment/draft behavior.,All expected records and amounts match; no unexplained error or stale state.
RUN-20270110-09,2027-01-10,9,Opening setup,Workspace Administrator,Web,Scan attachment + manual confirmation,"Property ownership, basis, and loan setup",P029; LN029,SCN-0084; SCN-0085,FIN-00001,"Open the property created by lease intake; attach the deed, verify owner/basis fields, then create or verify the loan and its current balance. Use the other client for the paired property/loan edit.","One property and its canonical unit remain linked; owner, cost basis, land/building split, and loan terms match the oracle without duplicate records.",Before/after screenshots; document links; property and loan detail; audit row; generated amortization sample.,Try the same masked mortgage statement twice and prove idempotent attachment/draft behavior.,All expected records and amounts match; no unexplained error or stale state.
RUN-20270110-10,2027-01-10,10,Opening setup,Workspace Administrator,Mobile,Scan attachment + manual confirmation,"Property ownership, basis, and loan setup",P030; ,SCN-0086,FIN-00001,"Open the property created by lease intake; attach the deed, verify owner/basis fields, then create or verify the loan and its current balance. Use the other client for the paired property/loan edit.","One property and its canonical unit remain linked; owner, cost basis, land/building split, and loan terms match the oracle without duplicate records.",Before/after screenshots; document links; property and loan detail; audit row; generated amortization sample.,Try the same masked mortgage statement twice and prove idempotent attachment/draft behavior.,All expected records and amounts match; no unexplained error or stale state.
RUN-20270111-01,2027-01-11,1,Weekly operations,Property Manager,Web,Scan-first,Create and triage maintenance request,P015; U015; WO-2027-002,SCN-0349,,Capture the tenant note/photo; review loose outlet; confirm; set responsibility; dispatch Metro Electric; create an appointment and verify the tenant notification.,"Work order, status timeline, responsibility, vendor dispatch, appointment, notification, and Unit context are linked once.",Scan review; work order detail/timeline; dispatch; appointment; notification; tenant portal view.,"Cancel one dispatch each quarter, reassign once, and prove status/history remains append-only.",All expected records and amounts match; no unexplained error or stale state.
RUN-20270111-02,2027-01-11,2,Leasing,Leasing Agent,Mobile,Scan/document + e-sign,Issue and execute lease agreement,L043; U037,SCN-0925,,Confirm the scanned/native agreement against the prepared draft; issue a signature packet; view as landlord and tenant; sign; finalize immutable PDF/hash; verify Agreement is Upcoming until effective date.,"Issued version is immutable, one signature packet is active, audit events are complete, and the effective-status projection follows the simulated date.",Draft/issued/final PDFs; hashes; signer states; signature audit; portal view; status before/after effective date.,"Void one deliberately incorrect issued packet, issue a replacement, and prove the voided artifact remains while no competing active packet exists.",All expected records and amounts match; no unexplained error or stale state.
RUN-20270111-03,2027-01-11,3,Surface coverage,Role appropriate to surface,Web,Manual,"Manual web pass: Register, verify email, login, logout",COV-001,,,"Create a second staff identity; verify validation, refresh, logout, back navigation, and app-scoped cookies/tokens.","The supported workflow completes and persists correctly; if the capability is absent, the exact gap is proven and queued rather than silently skipped.",Real UI screenshot/state; submitted values; persisted read-back; cross-client read-back; audit/role/access evidence.,"Use one invalid value, stale-state retry, or duplicate submission relevant to the form; no partial or duplicate mutation.",All expected records and amounts match; no unexplained error or stale state.
RUN-20270112-01,2027-01-12,1,Monthly operations,Property Manager,Mobile,Scanned money order,Post and allocate tenant receipt,P011; U011; L011,SCN-0092,FIN-00024; FIN-00025,"Open Scan for paper payment or the tenant-account receipt form for electronic payment; verify tenant/lease match, amount, date, method, and reference; confirm once; open ledger detail and allocation.","Receipt is append-only, allocated once to the correct rent charge, and visible consistently in Unit, Lease, Tenant Account, Accounting, and portal views.",Scan review or form; success result; exact ledger rows; payment detail; accounting delta; portal receipt.,Retry the idempotency key once during the quarter assigned in the coverage matrix; no duplicate cash or allocation.,All expected records and amounts match; no unexplained error or stale state.
RUN-20270112-02,2027-01-12,2,Monthly operations,Property Manager,Web,Scanned check,Post and allocate tenant receipt,P021; U022; L022,SCN-0099,FIN-00049; FIN-00050,"Open Scan for paper payment or the tenant-account receipt form for electronic payment; verify tenant/lease match, amount, date, method, and reference; confirm once; open ledger detail and allocation.","Receipt is append-only, allocated once to the correct rent charge, and visible consistently in Unit, Lease, Tenant Account, Accounting, and portal views.",Scan review or form; success result; exact ledger rows; payment detail; accounting delta; portal receipt.,Retry the idempotency key once during the quarter assigned in the coverage matrix; no duplicate cash or allocation.,All expected records and amounts match; no unexplained error or stale state.
RUN-20270112-03,2027-01-12,3,Monthly operations,Property Manager,Mobile,Portal card,Post and allocate tenant receipt,P027; U033; L033,,FIN-00074; FIN-00075,"Open Scan for paper payment or the tenant-account receipt form for electronic payment; verify tenant/lease match, amount, date, method, and reference; confirm once; open ledger detail and allocation.","Receipt is append-only, allocated once to the correct rent charge, and visible consistently in Unit, Lease, Tenant Account, Accounting, and portal views.",Scan review or form; success result; exact ledger rows; payment detail; accounting delta; portal receipt.,Retry the idempotency key once during the quarter assigned in the coverage matrix; no duplicate cash or allocation.,All expected records and amounts match; no unexplained error or stale state.
RUN-20270112-04,2027-01-12,4,Weekly operations,Property Manager,Web,Scanned receipt/invoice,"Record, review, allocate, and pay operating expense",P015; U015; WO-2027-002,SCN-0350,FIN-01025,"Capture or upload the source; verify vendor, date, scope, category, line items, tax, amount, and work-order link; confirm; open detail; verify attachment; compare Money and Property/Unit views.","One expense exists at its real operational scope, cash falls once, Schedule E category and allocations agree, and no per-unit copies are created.",Source preview; review/form; expense detail; line items; Property/Unit ledger; audit; accounting/report delta.,"On marked duplicate-invoice cases, re-upload before confirm and prove the product prevents or clearly warns about duplication.",All expected records and amounts match; no unexplained error or stale state.
RUN-20270112-05,2027-01-12,5,Surface coverage,Role appropriate to surface,Mobile,Manual,"Manual mobile pass: Register, verify email, login, logout",COV-001,,,"Create a second staff identity; verify validation, refresh, logout, back navigation, and app-scoped cookies/tokens.","The supported workflow completes and persists correctly; if the capability is absent, the exact gap is proven and queued rather than silently skipped.",Real UI screenshot/state; submitted values; persisted read-back; cross-client read-back; audit/role/access evidence.,"Use one invalid value, stale-state retry, or duplicate submission relevant to the form; no partial or duplicate mutation.",All expected records and amounts match; no unexplained error or stale state.
RUN-20270114-01,2027-01-14,1,Lease ending,Property Manager,Mobile,Scan attachment + manual lifecycle,Record notice and plan lease ending,L005; U005,SCN-0935,,Attach/capture the source notice; create the matching notice draft/history; record planned move-out and ending disposition; schedule inspection and turnover work.,"Notice source, effective dates, appointment, ending facts, and Unit next action agree without ending occupancy early.",Notice source/preview; lease timeline; appointment; Unit summary; notification/audit.,Use an upload date after the document date and prove both dates remain distinct.,All expected records and amounts match; no unexplained error or stale state.
RUN-20270115-01,2027-01-15,1,Opening setup,Workspace Administrator,Web + Mobile,Reconciliation,Opening portfolio control checkpoint,30 properties; 40 units; 36 active opening leases; 36 tenant accounts,SCN-0001; SCN-0002; SCN-0003; SCN-0004; SCN-0005; SCN-0006; SCN-0007; SCN-0008; SCN-0009; SCN-0010; SCN-0011; SCN-0012; SCN-0013; SCN-0014; SCN-0015; SCN-0016; SCN-0017; SCN-0018; SCN-0019; SCN-0020; SCN-0021; SCN-0022; SCN-0023; SCN-0024; SCN-0025; SCN-0026; SCN-0027; SCN-0028; SCN-0029; SCN-0030; SCN-0031; SCN-0032; SCN-0033; SCN-0034; SCN-0035; SCN-0036,FIN-00001,"Reconcile dashboard, Rentals lists, Owner views, deposit register, property basis, loans, occupied/vacant units, lease expirations, and opening bank balances against the Portfolio and Oracle sheets.","Counts, ownership, opening cash, loan liability, deposit cash/liability, and occupied/vacant states equal the independent controls.","One evidence pack containing both clients, filtered reports, and exported opening reports.",Use role-restricted staff and tenant accounts to prove cross-role/cross-portfolio isolation.,No unexplained variance; all rejected/duplicate scans have durable status and created nothing.
RUN-20270115-02,2027-01-15,2,Weekly operations,Property Manager,Mobile,Scanned receipt/invoice,"Record, review, allocate, and pay operating expense",P021; Property scope; ,SCN-0441,FIN-01076,"Capture or upload the source; verify vendor, date, scope, category, line items, tax, amount, and work-order link; confirm; open detail; verify attachment; compare Money and Property/Unit views.","One expense exists at its real operational scope, cash falls once, Schedule E category and allocations agree, and no per-unit copies are created.",Source preview; review/form; expense detail; line items; Property/Unit ledger; audit; accounting/report delta.,"On marked duplicate-invoice cases, re-upload before confirm and prove the product prevents or clearly warns about duplication.",All expected records and amounts match; no unexplained error or stale state.
RUN-20270115-03,2027-01-15,3,Weekly operations,Property Manager,Web,Scanned receipt/invoice,"Record, review, allocate, and pay operating expense",P022; Property scope; ,SCN-0442,FIN-01077,"Capture or upload the source; verify vendor, date, scope, category, line items, tax, amount, and work-order link; confirm; open detail; verify attachment; compare Money and Property/Unit views.","One expense exists at its real operational scope, cash falls once, Schedule E category and allocations agree, and no per-unit copies are created.",Source preview; review/form; expense detail; line items; Property/Unit ledger; audit; accounting/report delta.,"On marked duplicate-invoice cases, re-upload before confirm and prove the product prevents or clearly warns about duplication.",All expected records and amounts match; no unexplained error or stale state.
RUN-20270115-04,2027-01-15,4,Weekly operations,Property Manager,Mobile,Scanned receipt/invoice,"Record, review, allocate, and pay operating expense",P023; Property scope; ,SCN-0443,FIN-01078,"Capture or upload the source; verify vendor, date, scope, category, line items, tax, amount, and work-order link; confirm; open detail; verify attachment; compare Money and Property/Unit views.","One expense exists at its real operational scope, cash falls once, Schedule E category and allocations agree, and no per-unit copies are created.",Source preview; review/form; expense detail; line items; Property/Unit ledger; audit; accounting/report delta.,"On marked duplicate-invoice cases, re-upload before confirm and prove the product prevents or clearly warns about duplication.",All expected records and amounts match; no unexplained error or stale state.
RUN-20270115-05,2027-01-15,5,Weekly operations,Property Manager,Web,Scanned receipt/invoice,"Record, review, allocate, and pay operating expense",P024; Property scope; ,SCN-0444,FIN-01079,"Capture or upload the source; verify vendor, date, scope, category, line items, tax, amount, and work-order link; confirm; open detail; verify attachment; compare Money and Property/Unit views.","One expense exists at its real operational scope, cash falls once, Schedule E category and allocations agree, and no per-unit copies are created.",Source preview; review/form; expense detail; line items; Property/Unit ledger; audit; accounting/report delta.,"On marked duplicate-invoice cases, re-upload before confirm and prove the product prevents or clearly warns about duplication.",All expected records and amounts match; no unexplained error or stale state.
RUN-20270115-06,2027-01-15,6,Weekly operations,Property Manager,Mobile,Manual web form,"Record, review, allocate, and pay operating expense",P025; Property scope; ,,FIN-01080,"Capture or upload the source; verify vendor, date, scope, category, line items, tax, amount, and work-order link; confirm; open detail; verify attachment; compare Money and Property/Unit views.","One expense exists at its real operational scope, cash falls once, Schedule E category and allocations agree, and no per-unit copies are created.",Source preview; review/form; expense detail; line items; Property/Unit ledger; audit; accounting/report delta.,"On marked duplicate-invoice cases, re-upload before confirm and prove the product prevents or clearly warns about duplication.",All expected records and amounts match; no unexplained error or stale state.
RUN-20270115-07,2027-01-15,7,Weekly operations,Property Manager,Web,Scanned receipt/invoice,"Record, review, allocate, and pay operating expense",P026; Property scope; ,SCN-0445,FIN-01081,"Capture or upload the source; verify vendor, date, scope, category, line items, tax, amount, and work-order link; confirm; open detail; verify attachment; compare Money and Property/Unit views.","One expense exists at its real operational scope, cash falls once, Schedule E category and allocations agree, and no per-unit copies are created.",Source preview; review/form; expense detail; line items; Property/Unit ledger; audit; accounting/report delta.,"On marked duplicate-invoice cases, re-upload before confirm and prove the product prevents or clearly warns about duplication.",All expected records and amounts match; no unexplained error or stale state.
RUN-20270115-08,2027-01-15,8,Weekly operations,Property Manager,Mobile,Scanned receipt/invoice,"Record, review, allocate, and pay operating expense",P027; Property scope; ,SCN-0446,FIN-01082,"Capture or upload the source; verify vendor, date, scope, category, line items, tax, amount, and work-order link; confirm; open detail; verify attachment; compare Money and Property/Unit views.","One expense exists at its real operational scope, cash falls once, Schedule E category and allocations agree, and no per-unit copies are created.",Source preview; review/form; expense detail; line items; Property/Unit ledger; audit; accounting/report delta.,"On marked duplicate-invoice cases, re-upload before confirm and prove the product prevents or clearly warns about duplication.",All expected records and amounts match; no unexplained error or stale state.
RUN-20270115-09,2027-01-15,9,Weekly operations,Property Manager,Web,Scanned receipt/invoice,"Record, review, allocate, and pay operating expense",P028; Property scope; ,SCN-0447,FIN-01083,"Capture or upload the source; verify vendor, date, scope, category, line items, tax, amount, and work-order link; confirm; open detail; verify attachment; compare Money and Property/Unit views.","One expense exists at its real operational scope, cash falls once, Schedule E category and allocations agree, and no per-unit copies are created.",Source preview; review/form; expense detail; line items; Property/Unit ledger; audit; accounting/report delta.,"On marked duplicate-invoice cases, re-upload before confirm and prove the product prevents or clearly warns about duplication.",All expected records and amounts match; no unexplained error or stale state.
RUN-20270115-10,2027-01-15,10,Weekly operations,Property Manager,Mobile,Scanned receipt/invoice,"Record, review, allocate, and pay operating expense",P029; Property scope; ,SCN-0448,FIN-01084,"Capture or upload the source; verify vendor, date, scope, category, line items, tax, amount, and work-order link; confirm; open detail; verify attachment; compare Money and Property/Unit views.","One expense exists at its real operational scope, cash falls once, Schedule E category and allocations agree, and no per-unit copies are created.",Source preview; review/form; expense detail; line items; Property/Unit ledger; audit; accounting/report delta.,"On marked duplicate-invoice cases, re-upload before confirm and prove the product prevents or clearly warns about duplication.",All expected records and amounts match; no unexplained error or stale state.
RUN-20270115-11,2027-01-15,11,Weekly operations,Property Manager,Web,Manual mobile form,"Record, review, allocate, and pay operating expense",P030; Property scope; ,,FIN-01085,"Capture or upload the source; verify vendor, date, scope, category, line items, tax, amount, and work-order link; confirm; open detail; verify attachment; compare Money and Property/Unit views.","One expense exists at its real operational scope, cash falls once, Schedule E category and allocations agree, and no per-unit copies are created.",Source preview; review/form; expense detail; line items; Property/Unit ledger; audit; accounting/report delta.,"On marked duplicate-invoice cases, re-upload before confirm and prove the product prevents or clearly warns about duplication.",All expected records and amounts match; no unexplained error or stale state.
RUN-20270118-01,2027-01-18,1,Weekly operations,Property Manager,Mobile,Scan-first,Create and triage maintenance request,P021; U022; WO-2027-003,SCN-0351,,Capture the tenant note/photo; review yard cleanup; confirm; set responsibility; dispatch Green Thumb Landscaping; create an appointment and verify the tenant notification.,"Work order, status timeline, responsibility, vendor dispatch, appointment, notification, and Unit context are linked once.",Scan review; work order detail/timeline; dispatch; appointment; notification; tenant portal view.,"Cancel one dispatch each quarter, reassign once, and prove status/history remains append-only.",All expected records and amounts match; no unexplained error or stale state.
RUN-20270118-02,2027-01-18,2,Weekly operations,Property Manager,Mobile,Scanned receipt/invoice,"Record, review, allocate, and pay operating expense",P001; Property scope; ,SCN-0789,FIN-01500,"Capture or upload the source; verify vendor, date, scope, category, line items, tax, amount, and work-order link; confirm; open detail; verify attachment; compare Money and Property/Unit views.","One expense exists at its real operational scope, cash falls once, Schedule E category and allocations agree, and no per-unit copies are created.",Source preview; review/form; expense detail; line items; Property/Unit ledger; audit; accounting/report delta.,"On marked duplicate-invoice cases, re-upload before confirm and prove the product prevents or clearly warns about duplication.",All expected records and amounts match; no unexplained error or stale state.
RUN-20270118-03,2027-01-18,3,Weekly operations,Property Manager,Mobile,Scanned receipt/invoice,"Record, review, allocate, and pay operating expense",P013; Property scope; ,SCN-0839,FIN-01560,"Capture or upload the source; verify vendor, date, scope, category, line items, tax, amount, and work-order link; confirm; open detail; verify attachment; compare Money and Property/Unit views.","One expense exists at its real operational scope, cash falls once, Schedule E category and allocations agree, and no per-unit copies are created.",Source preview; review/form; expense detail; line items; Property/Unit ledger; audit; accounting/report delta.,"On marked duplicate-invoice cases, re-upload before confirm and prove the product prevents or clearly warns about duplication.",All expected records and amounts match; no unexplained error or stale state.
RUN-20270118-04,2027-01-18,4,Weekly operations,Property Manager,Mobile,Manual web form,"Record, review, allocate, and pay operating expense",P025; Property scope; ,,FIN-01620,"Capture or upload the source; verify vendor, date, scope, category, line items, tax, amount, and work-order link; confirm; open detail; verify attachment; compare Money and Property/Unit views.","One expense exists at its real operational scope, cash falls once, Schedule E category and allocations agree, and no per-unit copies are created.",Source preview; review/form; expense detail; line items; Property/Unit ledger; audit; accounting/report delta.,"On marked duplicate-invoice cases, re-upload before confirm and prove the product prevents or clearly warns about duplication.",All expected records and amounts match; no unexplained error or stale state.
RUN-20270118-05,2027-01-18,5,Role and screen certification,Workspace Administrator,Web,Normal persona navigation,Use every permitted action and state on /admin/audit,SCR-001; ROLE-001,,,"Sign in as the assigned real-world persona; reach the surface through normal navigation; exercise every visible tab, action, list control, filter, sort, page, detail link, back path, empty/populated/loading/error state, and supported create/edit transition. Reload and re-open from the opposite client when the entity is shared.",The persona can use every allowed action with only its assigned properties/relationships. Hidden or disabled actions explain why; an adjacent unauthorized persona is denied without metadata leakage.,Persona/experience; navigation entry; desktop or device screenshots; result state; persisted read-back; audit/history; authorized and denied network result.,Open the direct URL or deep link with an adjacent unauthorized persona and with stale scope; both fail closed and land safely without mutation.,All expected records and amounts match; no unexplained error or stale state.
RUN-20270118-06,2027-01-18,6,Role and screen certification,Property Manager,Web,Normal persona navigation,Use every permitted action and state on /admin/audit,SCR-001; ROLE-002,,,"Sign in as the assigned real-world persona; reach the surface through normal navigation; exercise every visible tab, action, list control, filter, sort, page, detail link, back path, empty/populated/loading/error state, and supported create/edit transition. Reload and re-open from the opposite client when the entity is shared.",The persona can use every allowed action with only its assigned properties/relationships. Hidden or disabled actions explain why; an adjacent unauthorized persona is denied without metadata leakage.,Persona/experience; navigation entry; desktop or device screenshots; result state; persisted read-back; audit/history; authorized and denied network result.,Open the direct URL or deep link with an adjacent unauthorized persona and with stale scope; both fail closed and land safely without mutation.,All expected records and amounts match; no unexplained error or stale state.
RUN-20270119-01,2027-01-19,1,Weekly operations,Property Manager,Mobile,Scanned receipt/invoice,"Record, review, allocate, and pay operating expense",P021; U022; WO-2027-003,SCN-0352,FIN-01026,"Capture or upload the source; verify vendor, date, scope, category, line items, tax, amount, and work-order link; confirm; open detail; verify attachment; compare Money and Property/Unit views.","One expense exists at its real operational scope, cash falls once, Schedule E category and allocations agree, and no per-unit copies are created.",Source preview; review/form; expense detail; line items; Property/Unit ledger; audit; accounting/report delta.,"On marked duplicate-invoice cases, re-upload before confirm and prove the product prevents or clearly warns about duplication.",All expected records and amounts match; no unexplained error or stale state.
RUN-20270119-02,2027-01-19,2,Role and screen certification,Workspace Administrator,Web,Normal persona navigation,Use every permitted action and state on /admin/users,SCR-002; ROLE-003,,,"Sign in as the assigned real-world persona; reach the surface through normal navigation; exercise every visible tab, action, list control, filter, sort, page, detail link, back path, empty/populated/loading/error state, and supported create/edit transition. Reload and re-open from the opposite client when the entity is shared.",The persona can use every allowed action with only its assigned properties/relationships. Hidden or disabled actions explain why; an adjacent unauthorized persona is denied without metadata leakage.,Persona/experience; navigation entry; desktop or device screenshots; result state; persisted read-back; audit/history; authorized and denied network result.,Open the direct URL or deep link with an adjacent unauthorized persona and with stale scope; both fail closed and land safely without mutation.,All expected records and amounts match; no unexplained error or stale state.
RUN-20270119-03,2027-01-19,3,Surface coverage,Role appropriate to surface,Web,Manual,Manual web pass: Forgot/reset password and change password,COV-002,,,Request reset for known/unknown user; use valid/invalid token; change password; revoke other sessions.,"The supported workflow completes and persists correctly; if the capability is absent, the exact gap is proven and queued rather than silently skipped.",Real UI screenshot/state; submitted values; persisted read-back; cross-client read-back; audit/role/access evidence.,"Use one invalid value, stale-state retry, or duplicate submission relevant to the form; no partial or duplicate mutation.",All expected records and amounts match; no unexplained error or stale state.
RUN-20270120-01,2027-01-20,1,Monthly close,Workspace Administrator,Web + Mobile,Recurring automation + statement match,January loan payments,LN001; LN002; LN004; LN005; LN007; LN008; LN010; LN011; LN013; LN014; LN016; LN017; LN019; LN020; LN022; LN023; LN025; LN026; LN028; LN029,SCN-0449; SCN-0450; SCN-0451; SCN-0452; SCN-0453; SCN-0454; SCN-0455; SCN-0456; SCN-0457; SCN-0458; SCN-0459; SCN-0460; SCN-0461; SCN-0462; SCN-0463; SCN-0464; SCN-0465; SCN-0466; SCN-0467; SCN-0468,FIN-01086; FIN-01087; FIN-01088; FIN-01089; FIN-01090; FIN-01091; FIN-01092; FIN-01093; FIN-01094; FIN-01095; FIN-01096; FIN-01097; FIN-01098; FIN-01099; FIN-01100; FIN-01101; FIN-01102; FIN-01103; FIN-01104; FIN-01105,"Verify the recurring loan payments; attach/match each statement; compare principal, interest, cash, loan balance, amortization, Property Money view, and Schedule E interest.","Every payment splits principal and interest once; principal reduces liability, interest is expense, and statement balance matches.",Loan detail samples on both clients; statement attachment; amortization; Property and year-end reports.,Attempt a duplicate recurrence run; no second payment or balance movement.,All expected records and amounts match; no unexplained error or stale state.
RUN-20270120-02,2027-01-20,2,Field certification,Property Manager,Web,Manual field-by-field,"Fill, save, reload, edit, and validate every declared field on web/src/lib/components/FileDrop.svelte",FLD-0001,,,"Use the source-derived Field Inventory. Enter non-default realistic values in every control (file-drop-input); submit; reload or relaunch; compare every value; edit each mutable field; verify the paired client; then run required, format, length, range, boundary, optional-null, and stale-submit checks.","All 1 inventoried controls persist exact normalized values, invalid values stay unsaved with clear errors, and hidden/unauthorized fields cannot be altered.",Before/after form screenshots; FLD IDs; API response; reloaded UI; paired-client read-back; database/audit evidence; negative validation result.,"Use a duplicate submit and one simulated network interruption; one atomic mutation or none, never partial state.",All expected records and amounts match; no unexplained error or stale state.
RUN-20270120-03,2027-01-20,3,Field certification,Property Manager,Web,Manual field-by-field,"Fill, save, reload, edit, and validate every declared field on web/src/lib/components/SandboxBanner.svelte",FLD-0002,,,"Use the source-derived Field Inventory. Enter non-default realistic values in every control (go-live-confirm-input); submit; reload or relaunch; compare every value; edit each mutable field; verify the paired client; then run required, format, length, range, boundary, optional-null, and stale-submit checks.","All 1 inventoried controls persist exact normalized values, invalid values stay unsaved with clear errors, and hidden/unauthorized fields cannot be altered.",Before/after form screenshots; FLD IDs; API response; reloaded UI; paired-client read-back; database/audit evidence; negative validation result.,"Use a duplicate submit and one simulated network interruption; one atomic mutation or none, never partial state.",All expected records and amounts match; no unexplained error or stale state.
RUN-20270120-04,2027-01-20,4,Field certification,Property Manager,Web,Manual field-by-field,"Fill, save, reload, edit, and validate every declared field on web/src/lib/components/account/AccountSecurityPage.svelte",FLD-0003,,,"Use the source-derived Field Inventory. Enter non-default realistic values in every control (username); submit; reload or relaunch; compare every value; edit each mutable field; verify the paired client; then run required, format, length, range, boundary, optional-null, and stale-submit checks.","All 1 inventoried controls persist exact normalized values, invalid values stay unsaved with clear errors, and hidden/unauthorized fields cannot be altered.",Before/after form screenshots; FLD IDs; API response; reloaded UI; paired-client read-back; database/audit evidence; negative validation result.,"Use a duplicate submit and one simulated network interruption; one atomic mutation or none, never partial state.",All expected records and amounts match; no unexplained error or stale state.
RUN-20270120-05,2027-01-20,5,Surface coverage,Role appropriate to surface,Mobile,Manual,Manual mobile pass: Forgot/reset password and change password,COV-002,,,Request reset for known/unknown user; use valid/invalid token; change password; revoke other sessions.,"The supported workflow completes and persists correctly; if the capability is absent, the exact gap is proven and queued rather than silently skipped.",Real UI screenshot/state; submitted values; persisted read-back; cross-client read-back; audit/role/access evidence.,"Use one invalid value, stale-state retry, or duplicate submission relevant to the form; no partial or duplicate mutation.",All expected records and amounts match; no unexplained error or stale state.
RUN-20270121-01,2027-01-21,1,Role and screen certification,Tenant,Web,Normal persona navigation,Use every permitted action and state on /portal,SCR-003; ROLE-004,,,"Sign in as the assigned real-world persona; reach the surface through normal navigation; exercise every visible tab, action, list control, filter, sort, page, detail link, back path, empty/populated/loading/error state, and supported create/edit transition. Reload and re-open from the opposite client when the entity is shared.",The persona can use every allowed action with only its assigned properties/relationships. Hidden or disabled actions explain why; an adjacent unauthorized persona is denied without metadata leakage.,Persona/experience; navigation entry; desktop or device screenshots; result state; persisted read-back; audit/history; authorized and denied network result.,Open the direct URL or deep link with an adjacent unauthorized persona and with stale scope; both fail closed and land safely without mutation.,All expected records and amounts match; no unexplained error or stale state.
RUN-20270121-02,2027-01-21,2,Field certification,Property Manager,Web,Manual field-by-field,"Fill, save, reload, edit, and validate every declared field on web/src/lib/components/account/AccountSecurityPage.svelte",FLD-0004; FLD-0005; FLD-0006,,,"Use the source-derived Field Inventory. Enter non-default realistic values in every control (currentPassword; newPassword; confirmPassword); submit; reload or relaunch; compare every value; edit each mutable field; verify the paired client; then run required, format, length, range, boundary, optional-null, and stale-submit checks.","All 3 inventoried controls persist exact normalized values, invalid values stay unsaved with clear errors, and hidden/unauthorized fields cannot be altered.",Before/after form screenshots; FLD IDs; API response; reloaded UI; paired-client read-back; database/audit evidence; negative validation result.,"Use a duplicate submit and one simulated network interruption; one atomic mutation or none, never partial state.",All expected records and amounts match; no unexplained error or stale state.
RUN-20270121-03,2027-01-21,3,Field certification,Leasing Agent,Web,Manual field-by-field,"Fill, save, reload, edit, and validate every declared field on web/src/lib/components/applications/PrepareMoveInDialog.svelte",FLD-0007,,,"Use the source-derived Field Inventory. Enter non-default realistic values in every control (prepare-application-search); submit; reload or relaunch; compare every value; edit each mutable field; verify the paired client; then run required, format, length, range, boundary, optional-null, and stale-submit checks.","All 1 inventoried controls persist exact normalized values, invalid values stay unsaved with clear errors, and hidden/unauthorized fields cannot be altered.",Before/after form screenshots; FLD IDs; API response; reloaded UI; paired-client read-back; database/audit evidence; negative validation result.,"Use a duplicate submit and one simulated network interruption; one atomic mutation or none, never partial state.",All expected records and amounts match; no unexplained error or stale state.
RUN-20270122-01,2027-01-22,1,Role and screen certification,Tenant,Web,Normal persona navigation,Use every permitted action and state on /portal/account,SCR-004; ROLE-005,,,"Sign in as the assigned real-world persona; reach the surface through normal navigation; exercise every visible tab, action, list control, filter, sort, page, detail link, back path, empty/populated/loading/error state, and supported create/edit transition. Reload and re-open from the opposite client when the entity is shared.",The persona can use every allowed action with only its assigned properties/relationships. Hidden or disabled actions explain why; an adjacent unauthorized persona is denied without metadata leakage.,Persona/experience; navigation entry; desktop or device screenshots; result state; persisted read-back; audit/history; authorized and denied network result.,Open the direct URL or deep link with an adjacent unauthorized persona and with stale scope; both fail closed and land safely without mutation.,All expected records and amounts match; no unexplained error or stale state.
RUN-20270122-02,2027-01-22,2,Field certification,Leasing Agent,Web,Manual field-by-field,"Fill, save, reload, edit, and validate every declared field on web/src/lib/components/applications/PrepareMoveInDialog.svelte",FLD-0008; FLD-0009; FLD-0010; FLD-0011; FLD-0012,,,"Use the source-derived Field Inventory. Enter non-default realistic values in every control (prepare-application; prepare-move-in-unit-search; prepare-unit; prepare-template-search; prepare-template); submit; reload or relaunch; compare every value; edit each mutable field; verify the paired client; then run required, format, length, range, boundary, optional-null, and stale-submit checks.","All 5 inventoried controls persist exact normalized values, invalid values stay unsaved with clear errors, and hidden/unauthorized fields cannot be altered.",Before/after form screenshots; FLD IDs; API response; reloaded UI; paired-client read-back; database/audit evidence; negative validation result.,"Use a duplicate submit and one simulated network interruption; one atomic mutation or none, never partial state.",All expected records and amounts match; no unexplained error or stale state.
RUN-20270122-03,2027-01-22,3,Notification certification,Tenant,Web + Mobile,System event + preference/manual verification,Trigger and prove notification: Rent charge posted,NTF-001,,,"Set each recipient's preferences; trigger the real business event; inspect routing and recipient scope; verify unread badge, list item, safe preview, tenant balance deep link deep link, mark-read sync, configured channel outcome, provider failure/retry, and duplicate suppression.",Exactly the intended recipients receive one correctly routed notification; disabled optional channels stay silent; deep link opens authorized context; read state synchronizes.,Trigger record; routing decision; outbox/delivery status; web/mobile inbox; lock-screen-safe copy; deep-link target; audit/provider retry evidence.,Re-run the worker and deliver a duplicate provider callback; no duplicate user-visible event. Attempt the deep link as an unauthorized adjacent role.,All expected records and amounts match; no unexplained error or stale state.
RUN-20270125-01,2027-01-25,1,Weekly operations,Property Manager,Web,Scan-first,Create and triage maintenance request,P025; U029; WO-2027-004,SCN-0353,,Capture the tenant note/photo; review roof flashing leak; confirm; set responsibility; dispatch Summit Roofing; create an appointment and verify the tenant notification.,"Work order, status timeline, responsibility, vendor dispatch, appointment, notification, and Unit context are linked once.",Scan review; work order detail/timeline; dispatch; appointment; notification; tenant portal view.,"Cancel one dispatch each quarter, reassign once, and prove status/history remains append-only.",All expected records and amounts match; no unexplained error or stale state.
RUN-20270125-02,2027-01-25,2,Monthly close,Owner + Workspace Administrator,Web + Mobile owner portal,Manual approval,January owner statements and distributions,O01-O05,,FIN-01106; FIN-01107; FIN-01108; FIN-01109; FIN-01110,Generate owner statements; review income/expense allocations; approve distributions; record the bank export; open statements from owner portal on web and mobile.,Five owner statements agree with Property/accounting totals and five distributions reduce cash/equity distributions without becoming expenses.,Statements; approvals; owner portal PDFs; distribution rows; bank references; audit.,Reject one draft distribution before approval each quarter and prove no cash event is posted.,All expected records and amounts match; no unexplained error or stale state.
RUN-20270125-03,2027-01-25,3,Leasing,Property Manager,Web,Scan + manual classification,Collect and classify security deposit,L043; U037,SCN-0926,FIN-01655,"Capture the receipt; verify payer/amount; classify to the security-deposit account rather than rent; confirm trust account, liability, lease provenance, and receipt.",Deposit trust cash and liability rise equally; tenant rent AR and rental income do not change.,Scan review; deposit register; tenant account provenance; trust cash; accounting checks; receipt.,"Try to classify the deposit as rent, cancel, then classify correctly; no abandoned financial row remains.",All expected records and amounts match; no unexplained error or stale state.
RUN-20270125-04,2027-01-25,4,Role and screen certification,Tenant,Web,Normal persona navigation,Use every permitted action and state on /portal/appointments,SCR-005; ROLE-006,,,"Sign in as the assigned real-world persona; reach the surface through normal navigation; exercise every visible tab, action, list control, filter, sort, page, detail link, back path, empty/populated/loading/error state, and supported create/edit transition. Reload and re-open from the opposite client when the entity is shared.",The persona can use every allowed action with only its assigned properties/relationships. Hidden or disabled actions explain why; an adjacent unauthorized persona is denied without metadata leakage.,Persona/experience; navigation entry; desktop or device screenshots; result state; persisted read-back; audit/history; authorized and denied network result.,Open the direct URL or deep link with an adjacent unauthorized persona and with stale scope; both fail closed and land safely without mutation.,All expected records and amounts match; no unexplained error or stale state.
RUN-20270125-05,2027-01-25,5,Field certification,Leasing Agent,Web,Manual field-by-field,"Fill, save, reload, edit, and validate every declared field on web/src/lib/components/applications/PrepareMoveInDialog.svelte",FLD-0013; FLD-0014; FLD-0015; FLD-0016,,,"Use the source-derived Field Inventory. Enter non-default realistic values in every control (prepare-term-type; prepare-rent; prepare-due-day; prepare-deposit); submit; reload or relaunch; compare every value; edit each mutable field; verify the paired client; then run required, format, length, range, boundary, optional-null, and stale-submit checks.","All 4 inventoried controls persist exact normalized values, invalid values stay unsaved with clear errors, and hidden/unauthorized fields cannot be altered.",Before/after form screenshots; FLD IDs; API response; reloaded UI; paired-client read-back; database/audit evidence; negative validation result.,"Use a duplicate submit and one simulated network interruption; one atomic mutation or none, never partial state.",All expected records and amounts match; no unexplained error or stale state.
RUN-20270125-06,2027-01-25,6,Lifecycle certification,Workspace Administrator,Web + Mobile,Manual + scan/attachment where supported,Complete the full create/read/edit/lifecycle/delete-safe pass for Property,CRUD-001,,,"Use a dedicated disposable QA record and execute: create; read; edit every field; attach; deactivate/delete-safe; restore or prove irreversible guard. Fill every field referenced by field-inventory.csv. Verify confirmation copy, cancel path, final path, reload, other-client state, history, and role denial.",Every supported transition succeeds exactly once; forbidden destructive actions are guarded; reversible deletion/deactivation works; financial and historical truth is preserved.,Entity before/after; both clients; all FLD IDs; audit/history; notifications; authorized and unauthorized personas; API/DB state.,"Cancel the first destructive confirmation, then repeat and confirm; retry the mutation once; no double transition or orphan.",All expected records and amounts match; no unexplained error or stale state.
RUN-20270126-01,2027-01-26,1,Weekly operations,Property Manager,Web,Scanned receipt/invoice,"Record, review, allocate, and pay operating expense",P025; U029; WO-2027-004,SCN-0354,FIN-01027,"Capture or upload the source; verify vendor, date, scope, category, line items, tax, amount, and work-order link; confirm; open detail; verify attachment; compare Money and Property/Unit views.","One expense exists at its real operational scope, cash falls once, Schedule E category and allocations agree, and no per-unit copies are created.",Source preview; review/form; expense detail; line items; Property/Unit ledger; audit; accounting/report delta.,"On marked duplicate-invoice cases, re-upload before confirm and prove the product prevents or clearly warns about duplication.",All expected records and amounts match; no unexplained error or stale state.
RUN-20270126-02,2027-01-26,2,Role and screen certification,Tenant,Web,Normal persona navigation,Use every permitted action and state on /portal/lease,SCR-006; ROLE-007,,,"Sign in as the assigned real-world persona; reach the surface through normal navigation; exercise every visible tab, action, list control, filter, sort, page, detail link, back path, empty/populated/loading/error state, and supported create/edit transition. Reload and re-open from the opposite client when the entity is shared.",The persona can use every allowed action with only its assigned properties/relationships. Hidden or disabled actions explain why; an adjacent unauthorized persona is denied without metadata leakage.,Persona/experience; navigation entry; desktop or device screenshots; result state; persisted read-back; audit/history; authorized and denied network result.,Open the direct URL or deep link with an adjacent unauthorized persona and with stale scope; both fail closed and land safely without mutation.,All expected records and amounts match; no unexplained error or stale state.
RUN-20270126-03,2027-01-26,3,Field certification,Leasing Agent,Web,Manual field-by-field,"Fill, save, reload, edit, and validate every declared field on web/src/lib/components/applications/PrepareMoveInDialog.svelte",FLD-0017; FLD-0018; FLD-0019; FLD-0020,,,"Use the source-derived Field Inventory. Enter non-default realistic values in every control (prepare-late-fee; prepare-grace; prepare-opening-amount; prepare-opening-note); submit; reload or relaunch; compare every value; edit each mutable field; verify the paired client; then run required, format, length, range, boundary, optional-null, and stale-submit checks.","All 4 inventoried controls persist exact normalized values, invalid values stay unsaved with clear errors, and hidden/unauthorized fields cannot be altered.",Before/after form screenshots; FLD IDs; API response; reloaded UI; paired-client read-back; database/audit evidence; negative validation result.,"Use a duplicate submit and one simulated network interruption; one atomic mutation or none, never partial state.",All expected records and amounts match; no unexplained error or stale state.
RUN-20270126-04,2027-01-26,4,Surface coverage,Role appropriate to surface,Web,Manual,Manual web pass: Choose live setup and Getting Started,COV-003,,,"Resume saved setup, scan one lease, complete one manual setup task, and verify go-live state.","The supported workflow completes and persists correctly; if the capability is absent, the exact gap is proven and queued rather than silently skipped.",Real UI screenshot/state; submitted values; persisted read-back; cross-client read-back; audit/role/access evidence.,"Use one invalid value, stale-state retry, or duplicate submission relevant to the form; no partial or duplicate mutation.",All expected records and amounts match; no unexplained error or stale state.
RUN-20270127-01,2027-01-27,1,Field certification,Property Manager,Web,Manual field-by-field,"Fill, save, reload, edit, and validate every declared field on web/src/lib/components/assistant/AssistantPanel.svelte",FLD-0021; FLD-0022,,,"Use the source-derived Field Inventory. Enter non-default realistic values in every control (assistant-action-mode-toggle; assistant-input); submit; reload or relaunch; compare every value; edit each mutable field; verify the paired client; then run required, format, length, range, boundary, optional-null, and stale-submit checks.","All 2 inventoried controls persist exact normalized values, invalid values stay unsaved with clear errors, and hidden/unauthorized fields cannot be altered.",Before/after form screenshots; FLD IDs; API response; reloaded UI; paired-client read-back; database/audit evidence; negative validation result.,"Use a duplicate submit and one simulated network interruption; one atomic mutation or none, never partial state.",All expected records and amounts match; no unexplained error or stale state.
RUN-20270127-02,2027-01-27,2,Field certification,Property Manager,Web,Manual field-by-field,"Fill, save, reload, edit, and validate every declared field on web/src/lib/components/document-templates/LeaseTemplateDesigner.svelte",FLD-0023; FLD-0024; FLD-0025,,,"Use the source-derived Field Inventory. Enter non-default realistic values in every control (lease-template-preview-lease-select; lease-template-page-select; input-3); submit; reload or relaunch; compare every value; edit each mutable field; verify the paired client; then run required, format, length, range, boundary, optional-null, and stale-submit checks.","All 3 inventoried controls persist exact normalized values, invalid values stay unsaved with clear errors, and hidden/unauthorized fields cannot be altered.",Before/after form screenshots; FLD IDs; API response; reloaded UI; paired-client read-back; database/audit evidence; negative validation result.,"Use a duplicate submit and one simulated network interruption; one atomic mutation or none, never partial state.",All expected records and amounts match; no unexplained error or stale state.
RUN-20270127-03,2027-01-27,3,Surface coverage,Role appropriate to surface,Mobile,Manual,Manual mobile pass: Choose live setup and Getting Started,COV-003,,,"Resume saved setup, scan one lease, complete one manual setup task, and verify go-live state.","The supported workflow completes and persists correctly; if the capability is absent, the exact gap is proven and queued rather than silently skipped.",Real UI screenshot/state; submitted values; persisted read-back; cross-client read-back; audit/role/access evidence.,"Use one invalid value, stale-state retry, or duplicate submission relevant to the form; no partial or duplicate mutation.",All expected records and amounts match; no unexplained error or stale state.
RUN-20270128-01,2027-01-28,1,Role and screen certification,Tenant,Web,Normal persona navigation,Use every permitted action and state on /portal/maintenance,SCR-007; ROLE-008,,,"Sign in as the assigned real-world persona; reach the surface through normal navigation; exercise every visible tab, action, list control, filter, sort, page, detail link, back path, empty/populated/loading/error state, and supported create/edit transition. Reload and re-open from the opposite client when the entity is shared.",The persona can use every allowed action with only its assigned properties/relationships. Hidden or disabled actions explain why; an adjacent unauthorized persona is denied without metadata leakage.,Persona/experience; navigation entry; desktop or device screenshots; result state; persisted read-back; audit/history; authorized and denied network result.,Open the direct URL or deep link with an adjacent unauthorized persona and with stale scope; both fail closed and land safely without mutation.,All expected records and amounts match; no unexplained error or stale state.
RUN-20270128-02,2027-01-28,2,Field certification,Property Manager,Web,Manual field-by-field,"Fill, save, reload, edit, and validate every declared field on web/src/lib/components/document-templates/LeaseTemplateDesigner.svelte",FLD-0026,,,"Use the source-derived Field Inventory. Enter non-default realistic values in every control (input-4); submit; reload or relaunch; compare every value; edit each mutable field; verify the paired client; then run required, format, length, range, boundary, optional-null, and stale-submit checks.","All 1 inventoried controls persist exact normalized values, invalid values stay unsaved with clear errors, and hidden/unauthorized fields cannot be altered.",Before/after form screenshots; FLD IDs; API response; reloaded UI; paired-client read-back; database/audit evidence; negative validation result.,"Use a duplicate submit and one simulated network interruption; one atomic mutation or none, never partial state.",All expected records and amounts match; no unexplained error or stale state.
RUN-20270128-03,2027-01-28,3,Field certification,Property Manager,Web,Manual field-by-field,"Fill, save, reload, edit, and validate every declared field on web/src/lib/components/forms/LeaseTermFields.svelte",FLD-0027; FLD-0028; FLD-0029,,,"Use the source-derived Field Inventory. Enter non-default realistic values in every control (`${testidPrefix; form.status; Select-8); submit; reload or relaunch; compare every value; edit each mutable field; verify the paired client; then run required, format, length, range, boundary, optional-null, and stale-submit checks.","All 3 inventoried controls persist exact normalized values, invalid values stay unsaved with clear errors, and hidden/unauthorized fields cannot be altered.",Before/after form screenshots; FLD IDs; API response; reloaded UI; paired-client read-back; database/audit evidence; negative validation result.,"Use a duplicate submit and one simulated network interruption; one atomic mutation or none, never partial state.",All expected records and amounts match; no unexplained error or stale state.
RUN-20270129-01,2027-01-29,1,Role and screen certification,Tenant,Web,Normal persona navigation,Use every permitted action and state on /portal/messages,SCR-008; ROLE-009,,,"Sign in as the assigned real-world persona; reach the surface through normal navigation; exercise every visible tab, action, list control, filter, sort, page, detail link, back path, empty/populated/loading/error state, and supported create/edit transition. Reload and re-open from the opposite client when the entity is shared.",The persona can use every allowed action with only its assigned properties/relationships. Hidden or disabled actions explain why; an adjacent unauthorized persona is denied without metadata leakage.,Persona/experience; navigation entry; desktop or device screenshots; result state; persisted read-back; audit/history; authorized and denied network result.,Open the direct URL or deep link with an adjacent unauthorized persona and with stale scope; both fail closed and land safely without mutation.,All expected records and amounts match; no unexplained error or stale state.
RUN-20270129-02,2027-01-29,2,Field certification,Property Manager,Web,Manual field-by-field,"Fill, save, reload, edit, and validate every declared field on web/src/lib/components/forms/LeaseTermFields.svelte",FLD-0030,,,"Use the source-derived Field Inventory. Enter non-default realistic values in every control (Select-9); submit; reload or relaunch; compare every value; edit each mutable field; verify the paired client; then run required, format, length, range, boundary, optional-null, and stale-submit checks.","All 1 inventoried controls persist exact normalized values, invalid values stay unsaved with clear errors, and hidden/unauthorized fields cannot be altered.",Before/after form screenshots; FLD IDs; API response; reloaded UI; paired-client read-back; database/audit evidence; negative validation result.,"Use a duplicate submit and one simulated network interruption; one atomic mutation or none, never partial state.",All expected records and amounts match; no unexplained error or stale state.
RUN-20270129-03,2027-01-29,3,Field certification,Property Manager,Web,Manual field-by-field,"Fill, save, reload, edit, and validate every declared field on web/src/lib/components/forms/PropertyFields.svelte",FLD-0031; FLD-0032; FLD-0033; FLD-0034,,,"Use the source-derived Field Inventory. Enter non-default realistic values in every control (`${testidPrefix; form.type; Select-8; Select-9); submit; reload or relaunch; compare every value; edit each mutable field; verify the paired client; then run required, format, length, range, boundary, optional-null, and stale-submit checks.","All 4 inventoried controls persist exact normalized values, invalid values stay unsaved with clear errors, and hidden/unauthorized fields cannot be altered.",Before/after form screenshots; FLD IDs; API response; reloaded UI; paired-client read-back; database/audit evidence; negative validation result.,"Use a duplicate submit and one simulated network interruption; one atomic mutation or none, never partial state.",All expected records and amounts match; no unexplained error or stale state.
RUN-20270129-04,2027-01-29,4,Notification certification,Tenant,Web + Mobile,System event + preference/manual verification,Trigger and prove notification: Rent due in 5 days,NTF-002,,,"Set each recipient's preferences; trigger the real business event; inspect routing and recipient scope; verify unread badge, list item, safe preview, portal payment screen deep link, mark-read sync, configured channel outcome, provider failure/retry, and duplicate suppression.",Exactly the intended recipients receive one correctly routed notification; disabled optional channels stay silent; deep link opens authorized context; read state synchronizes.,Trigger record; routing decision; outbox/delivery status; web/mobile inbox; lock-screen-safe copy; deep-link target; audit/provider retry evidence.,Re-run the worker and deliver a duplicate provider callback; no duplicate user-visible event. Attempt the deep link as an unauthorized adjacent role.,All expected records and amounts match; no unexplained error or stale state.
RUN-20270129-05,2027-01-29,5,Surface coverage,Role appropriate to surface,Web,Scan/attachment,Scan web pass: Choose live setup and Getting Started,COV-003,,,"Resume saved setup, scan one lease, complete one manual setup task, and verify go-live state.","The supported workflow completes and persists correctly; if the capability is absent, the exact gap is proven and queued rather than silently skipped.",Real UI screenshot/state; submitted values; persisted read-back; cross-client read-back; audit/role/access evidence.,"Use one invalid value, stale-state retry, or duplicate submission relevant to the form; no partial or duplicate mutation.",All expected records and amounts match; no unexplained error or stale state.
